LabID,Age,Error,Material,Taxa,d13C,Method,Long,Lat,LocAccuracy,Period,SiteID,SiteName,Country,Province,Continent,Source,Reference,removal_reason
ANSTOOZC-241,10800.0,80.0,,,,,10.35,44.0769,1.0,,,Riparo di Molino di Piastricoli,Italy,,Europe,Vermeersch2019,Mussi M.  2011. QI 242: 360-370. Skeates Robin,Unknown lab ID
ANUAGIFA-31512,45200.0,2400.0,charcoal,,,,19.7949,50.0163,1.0,,,Piekary II,Poland,,Europe,Vermeersch2019,Valladas H.  Eurasian Prehistory 1: 57-82,Unknown lab ID
AUB-9493A,536.0,38.0,SEEDS,nutshell,,AMS,-83.02414741,39.64195296,1.0,,33PI880,Reinhardt,USA,Ohio,North America,UWyo2021,Nolan 2010 2012,Unknown lab ID
AUB-9494,648.0,33.0,SEEDS,nutshell,,AMS,-83.02414741,39.64195296,1.0,,33PI880,Reinhardt,USA,Ohio,North America,UWyo2021,Nolan 2012,Unknown lab ID
AUB-9496A,554.0,41.0,SEEDS,nutshell,,AMS,-83.02414741,39.64195296,1.0,,33PI880,Reinhardt,USA,Ohio,North America,UWyo2021,Nolan 2012,Unknown lab ID
AUB-9497A,582.0,36.0,SEEDS,nutshell,,AMS,-83.02414741,39.64195296,1.0,,33PI880,Reinhardt,USA,Ohio,North America,UWyo2021,Nolan 2012,Unknown lab ID
BETADICARB-1,1800.0,150.0,CHARCOAL,,,RADIOMETRIC,-94.34645755,39.00849178,1.0,,23JA110,Sohn,USA,Missouri,North America,UWyo2021,,Unknown lab ID
BETADICARB-2,1710.0,80.0,CHARCOAL,,,RADIOMETRIC,-94.34645755,39.00849178,1.0,,23JA110,Sohn,USA,Missouri,North America,UWyo2021,,Unknown lab ID
BETAN-000004,3400.0,40.0,Charcoal,,,,-68.0736,-23.8065,2.0,,,Tulan-94,Chile,,South America,SCAR,Panachuk L. 2011:82 /   Jucilene Amorim Costa 2008 - Diss mestrado,Unknown lab ID
BETANA-1,620.0,50.0,restes d'animaux carbonisés; charred animal remains,,-22.1,,-73.26733778,45.38591303,1.0,,,Pointe-du-Buisson Station 2,Canada,Quebec,North America,CARD,Clermont 1995,Unknown lab ID
BETANA-2,620.0,60.0,restes d'animaux carbonisés; charred animal remains,,-24.5,,-73.26733778,45.38591303,1.0,,,Pointe-du-Buisson Station 2,Canada,Quebec,North America,CARD,Clermont 1995,Unknown lab ID
BETANA-3,630.0,70.0,restes d'animaux carbonisés; charred animal remains,,-20.8,,-73.26733778,45.38591303,1.0,,,Pointe-du-Buisson Station 2,Canada,Quebec,North America,CARD,Clermont 1995,Unknown lab ID
BETANA-4,640.0,60.0,restes d'animaux carbonisés; charred animal remains,,-25.1,,-73.26733778,45.38591303,1.0,,,Pointe-du-Buisson Station 2,Canada,Quebec,North America,CARD,Clermont 1995,Unknown lab ID
BETANA-5,820.0,60.0,restes d'animaux carbonisés; charred animal remains,,-24.1,,-73.26733778,45.38591303,1.0,,,Pointe-du-Buisson Station 2,Canada,Quebec,North America,CARD,Wilson 1990; Cooper and Savage 1994; Spence et al. 1990,Unknown lab ID
BETANA-6,3150.0,200.0,charcoal; charbon de bois,,,,-81.20333135,42.95508452,1.0,,,Boresma,Canada,Ontario,North America,CARD,Forsyth 1991: table 1,Unknown lab ID
BETAQA-361,80.0,40.0,WOOD,carbonized bark,-24.9,AMS,-81.69639013,36.23103486,1.0,,31WT330,Katie Griffith,USA,North Carolina,North America,UWyo2021,Whyte 2003 Prehistoric Sedentary Agriculturalists in the Appalachian Whyte (personal communication 2018),Unknown lab ID
BETAXX-1,5345.0,70.0,charcoal,,,,-70.633,-17.1,2.0,,,Asana,Peru,,South America,Goldberg_2016,Carrion J.S.  2008. QSR 27: 2118-2135.,Unknown lab ID
BIRMXX-1,580.0,76.0,,,,,,,0.0,,,Los Castillos Cave,Peru,,South America,SCAR,Pan.2011,Unknown lab ID
CTUGUV-1,6224.0,39.0,,,,,34.1968,38.4043,3.0,,,Güvercinkayasi,Turkey,,Asia,14SEA,Sevil Gülçür pers. comm. (Dec. 2007)),Unknown lab ID
CTUGUV-2,6012.0,39.0,,,,,34.1968,38.4043,3.0,,,Güvercinkayasi,Turkey,,Asia,14SEA,Sevil Gülçür pers. comm. (Dec. 2007)),Unknown lab ID
DEMND-1,9571.0,65.0,.,,,,24.4333,37.45,1.0,,,Maroulas,Greece,,Europe,Vermeersch2019,J√∏rgensen E. K. 2017. The Palaeodemographic and Environmental Dynamics of Prehistoric Arctic Norway: An Overview of Human-Climate Covariation,Unknown lab ID
DYK-0185,7340.0,125.0,Plant ash,,,Conventional,113.66799999999999,33.611999999999995,2.0,,,Jiahu,China,Henan,Asia,Wangetal2014,Zhang et al.1999,Unknown lab ID
DYK-0186,6900.0,120.0,Plant ash,,,Conventional,113.66799999999999,33.611999999999995,2.0,,,Jiahu,China,Henan,Asia,Wangetal2014,Zhang et al.1999,Unknown lab ID
DYK-0188,6810.0,130.0,Plant ash,,,Conventional,113.66799999999999,33.611999999999995,2.0,,,Jiahu,China,Henan,Asia,Wangetal2014,Zhang et al.1999,Unknown lab ID
DYK-0189,6930.0,130.0,Plant ash,,,Conventional,113.66799999999999,33.611999999999995,2.0,,,Jiahu,China,Henan,Asia,Wangetal2014,CAA Newsletter 19(1): 28 1999;  Mitchell 1971a 1971b;  Faunmap 4084,Unknown lab ID
ETHX-1,7460.0,80.0,,,,,8.53892,47.3686,2.0,,,Zürich - Mozartstrasse (Off-Site),Switzerland,,Europe,EUROEVOL; RADON,,Unknown lab ID
ETHX-2,7070.0,80.0,,,,,8.53892,47.3686,2.0,,,Zürich - Mozartstrasse (Off-Site),Switzerland,,Europe,EUROEVOL; RADON,,Unknown lab ID
ETHX-3,6570.0,80.0,,,,,8.53892,47.3686,2.0,,,Zürich - Mozartstrasse (Off-Site),Switzerland,,Europe,EUROEVOL; RADON,,Unknown lab ID
ETHX-4,6240.0,80.0,,,,,8.53892,47.3686,2.0,,,Zürich - Mozartstrasse (Off-Site),Switzerland,,Europe,EUROEVOL; RADON,,Unknown lab ID
ETHX-5,5865.0,80.0,,,,,8.53892,47.3686,2.0,,,Zürich - Mozartstrasse (Off-Site),Switzerland,,Europe,EUROEVOL; RADON,,Unknown lab ID
GAKXX-1,2800.0,120.0,charcoal,,,,-80.29,-3.37,1.0,,,Pechiche,Peru,,South America,Goldberg_2016,Ziolkowski et al 1994,Unknown lab ID
GAKXX-2,2600.0,150.0,unknown,,,,-72.01,-13.28,2.0,,,Chanapata,Peru,,South America,Goldberg_2016,Pitulko V.V.  2015. Science 6270: 260-263.,Unknown lab ID
GCW-1,2160.0,95.0,Wood,,,Conventional,115.288,38.948,2.0,,,Mancheng Han tomb,China,Hebei,Asia,Wangetal2014,Institute of Archaeology Chinese Academy of Social Sciences.1991,Unknown lab ID
GCW-8,2120.0,95.0,Wood,,,Conventional,113.05,28.217,2.0,,,Mawangdui,China,Hunan,Asia,Wangetal2014,Institute of Archaeology Chinese Academy of Social Sciences.1991,Unknown lab ID
GCW-9,2200.0,95.0,Charcoal,,,Conventional,113.05,28.217,2.0,,,Mawangdui,China,Hunan,Asia,Wangetal2014,,Unknown lab ID
GIFAII-4,1910.0,90.0,charcoal,,,,-2.0967,37.8325,1.0,,,Cueva Ambrosio II,Spain,,Europe,Vermeersch2019,,Unknown lab ID
GIFAND-1,40500.0,1600.0,humic,,,,4.4295,44.4442,1.0,,,Ranc de l'Arc,France,,Europe,Vermeersch2019,,Unknown lab ID
GIFAND-2,41300.0,1900.0,charcoal,,,,4.4295,44.4442,1.0,,,Ranc de l'Arc,France,,Europe,Vermeersch2019,,Unknown lab ID
GIFAND-3,42200.0,1600.0,charcoal,,,,4.4295,44.4442,1.0,,,Ranc de l'Arc,France,,Europe,Vermeersch2019,,Unknown lab ID
GIFND-1,15160.0,150.0,,,,,0.3167,46.1667,1.0,,,Le Chaumois Boivin,France,,Europe,Vermeersch2019,Corchon S.  Zephyrus 49 1996. 37-60,Unknown lab ID
GIFND-2,15600.0,30.0,charcoal,,,,-3.668,40.033,1.0,,,Okladnikov,Spain,,Europe,Vermeersch2019,,Unknown lab ID
GIFND-3,5440.0,400.0,,,,,-4.3333,47.8167,1.0,,,Torche,France,,Europe,Vermeersch2019,Guadelli J.-L. 2005. BAR Intern S1364: 87-103.,Unknown lab ID
GIFTAN-89229,25750.0,410.0,charcoal,,,,-0.466,38.7981,1.0,,,Cova Beneito,Spain,,Europe,Vermeersch2019,Goring-Morris and Cohern 2005,Unknown lab ID
GIFTAN-90028,34300.0,1100.0,charcoal,,,,34.93,32.57,2.0,,,Kebara,Israel,,Asia,CONTEXT,Goring-Morris and Cohern 2005,Unknown lab ID
GIFTAN-90151,32670.0,800.0,charcoal,,,,34.93,32.57,2.0,,,Kebara,Israel,,Asia,CONTEXT,Goring-Morris and Cohern 2005,Unknown lab ID
GRABETA-149261,5070.0,40.0,charcoal,,,,8.8777,40.8317,1.0,,,Contraguda,Italy,,Europe,Vermeersch2019,,Unknown lab ID
GRANDX-1,9650.0,50.0,bone,,,,5.803,51.2356,1.0,,,Tureau des Gardes,Netherlands,,Europe,Vermeersch2019,,Unknown lab ID
GRANDX-2,11600.0,80.0,,,,,6.7657,47.3777,1.0,,,Rochedane,France,,Europe,Vermeersch2019,Kulakovska L.  2015. QI 359-360: 347-361.,Unknown lab ID
GRANDX-3,20740.0,80.0,charcoal,,,,25.8697,48.5939,1.0,,,Doroshivtsi III Dorotchivtsy III Dorochivtsy III,Ukraine,,Europe,Vermeersch2019,Kulakovska L.  2015. QI 359-360: 347-361.,Unknown lab ID
GRANDX-4,22330.0,100.0,charcoal,,,,25.8697,48.5939,1.0,,,Douattes,Ukraine,,Europe,Vermeersch2019,UW/OWSATCDATES,Unknown lab ID
GRNND-1,40800.0,900.0,,,,,,,0.0,,,Cualventi,Montenegro,,Europe,Vermeersch2019,Bernaldo de Quiros pers. comm.,Unknown lab ID
GRNND-2,33870.0,1700.0,,,,,-3.7760000000000002,43.481,1.0,,,Arenillas,Spain,,Europe,Vermeersch2019,Bernaldo de Quiros pers. comm.,Unknown lab ID
GRNND-3,34660.0,1600.0,,,,,-3.7760000000000002,43.481,1.0,,,Ariaga,Spain,,Europe,Vermeersch2019,Banadora.,Unknown lab ID
GRNND-4,27910.0,510.0,charcoal,,,,15.5993,48.4149,1.0,,,Krems-Wachtberg,Austria,,Europe,Vermeersch2019,,Unknown lab ID
GRNND-5,10760.0,140.0,charcoal,,,,-4.85,43.3167,1.0,,,Los Canes,Spain,,Europe,Vermeersch2019,Djindjian F. J. Kozlowski & M. Otte 1999. Le Paleolithique superieur en Europe. Armand Colin Paris. Richards M.P.  2015. JAS 61:204-212.,Unknown lab ID
GRNND-6,25340.0,170.0,bone,,,,13.8967,44.8825,1.0,,,Sandalja II,Croatia,,Europe,Vermeersch2019,,Unknown lab ID
GRNND-7,26450.0,170.0,,,,,15.5586,44.0364,1.0,,,Velika Pecina 3,Croatia,,Europe,Vermeersch2019,Djindjian F. J. Kozlowski & M. Otte 1999. Le Paleolithique superieur en Europe. Armand Colin Paris.,Unknown lab ID
GRNND-8,27950.0,270.0,,,,,18.066,48.306000000000004,1.0,,,Nitra I-Cerman,Slovakia,,Europe,Vermeersch2019,,Unknown lab ID
GXNA-1,215.0,125.0,inconnu; unknown,,,,-73.01090351,55.96277766,1.0,,,Lac Washadimi station H,Canada,Quebec,North America,CARD,Taillon et Barrà 1987,Unknown lab ID
GXNA-2,565.0,120.0,inconnu; unknown,,,,-73.01090351,55.96277766,1.0,,,Lac Washadimi station H,Canada,Quebec,North America,CARD,Taillon et Barrà 1987,Unknown lab ID
GXNA-3,1350.0,105.0,inconnu; unknown,,,,-73.01090351,55.96277766,1.0,,,Lac Washadimi station H,Canada,Quebec,North America,CARD,Taillon et Barrà 1987,Unknown lab ID
GXNA-4,430.0,150.0,charbon de bois; charcoal,,,,-73.01090351,55.96277766,1.0,,,Lac Washadimi station F,Canada,Quebec,North America,CARD,Kush 12 1964 485,Unknown lab ID
HDH-112791075,6550.0,110.0,charcoal,,,,13.433329999999998,52.23333,2.0,,,Dabendorf,Germany,,Europe,RADON,Gramsch,Unknown lab ID
ICAC-428,8350.0,40.0,CHARCOAL,,-25,AMS,-103.25191690000001,29.81210441,1.0,,41BS2615,Genevieve Lykes Duncan,USA,Texas,North America,UWyo2021,Cloud et al 2018-Late Paleoindian occupations at the Genevieve…,Unknown lab ID
ICAICACOC-0401,1970.0,40.0,CHARCOAL,,-25,AMS,-107.9042841,39.599362899999996,1.0,,5GF1185,Riley Gulch Rockshelter,USA,Colorado,North America,UWyo2021,Conner 2014,Unknown lab ID
ICAICACOC-0402,1560.0,40.0,CHARCOAL,,-25.7,AMS,-107.9042841,39.599362899999996,1.0,,5GF1185,Riley Gulch Rockshelter,USA,Colorado,North America,UWyo2021,Conner 2014,Unknown lab ID
ICAICACOC-0403,1900.0,40.0,CHARCOAL,,-25,AMS,-107.9042841,39.599362899999996,1.0,,5GF1185,Riley Gulch Rockshelter,USA,Colorado,North America,UWyo2021,Conner 2014,Unknown lab ID
ICAICACOC-0404,2300.0,40.0,CHARCOAL,,-25,AMS,-107.9042841,39.599362899999996,1.0,,5GF1185,Riley Gulch Rockshelter,USA,Colorado,North America,UWyo2021,Conner 2014,Unknown lab ID
ICAICACOC-0405,2530.0,40.0,CHARCOAL,,-23,AMS,-107.9042841,39.599362899999996,1.0,,5GF1185,Riley Gulch Rockshelter,USA,Colorado,North America,UWyo2021,Conner 2014,Unknown lab ID
IGSC-14131,5345.0,100.0,wood,,,,-3.8664,52.5653,2.0,,,Garthgwinion,United Kingdom,,Europe,Bevan2017,,Unknown lab ID
IGSC-1430,4305.0,100.0,wood,,,,-2.6879,51.4946,2.0,,,Avonmouth Bridge,United Kingdom,,Europe,Bevan2017,,Unknown lab ID
IGSC-1431,4105.0,100.0,wood,,,,-2.6879,51.4946,2.0,,,Avonmouth Bridge,United Kingdom,,Europe,Bevan2017,,Unknown lab ID
IGSC-1460,3180.0,100.0,wood,,,,-2.4323,52.6369,2.0,,,Harcourt,United Kingdom,,Europe,Bevan2017,,Unknown lab ID
IGSC-1462,1400.0,100.0,plant matter,,,,-2.4323,52.6369,2.0,,,Harcourt,United Kingdom,,Europe,Bevan2017,,Unknown lab ID
IGSC-1486,3685.0,100.0,wood,,,,-2.447,52.6416,2.0,,,Telford,United Kingdom,,Europe,Bevan2017,,Unknown lab ID
INA-1,2630.0,90.0,charcoal; charbon de bois,,,,-97.15164035,55.85319846,1.0,,,Thyazzi,Canada,Manitoba,North America,CARD,Williamson 1990; Cooper and Savage 1994; Reid 1975,Unknown lab ID
INA-2,725.0,95.0,charcoal; charbon de bois,,,,-79.37210034,43.93885285,1.0,,,Boys,Canada,Ontario,North America,CARD,Carrasco and Perez 1996,Unknown lab ID
ISGSA-0246,9913.0,59.0,charcoal,,-27.4,,35.5342,31.2539,3.0,,,Bab edh-Dhra,Jordan,,Asia,CALPAL,Kuijt and Finlayson 2001 14,Unknown lab ID
ISGSA-0248,9835.0,65.0,charcoal,,-25.6,,35.5342,31.2539,3.0,,,Bab edh-Dhra,Jordan,,Asia,CALPAL,Kuijt and Finlayson 2001 14,Unknown lab ID
ISGSA-0275,491.0,45.0,CHARCOAL,,-23.1,AMS,-103.4516936,43.67769708,1.0,,39CU1682,,USA,South Dakota,North America,UWyo2021,,Unknown lab ID
ISGSA-0276,142.0,41.0,CHARCOAL,,-26.3,AMS,-103.4516936,43.67769708,1.0,,39CU1682,,USA,South Dakota,North America,UWyo2021,,Unknown lab ID
ISGSA-0277,1442.0,44.0,CHARCOAL,,-22.8,AMS,-103.4516936,43.67769708,1.0,,39CU1696,,USA,South Dakota,North America,UWyo2021,,Unknown lab ID
ISGSA-0287,1996.0,39.0,CHARCOAL,,-22.7,AMS,-103.4516936,43.67769708,1.0,,39CU588,,USA,South Dakota,North America,UWyo2021,,Unknown lab ID
ISGSA-0600,1125.0,30.0,CHARCOAL,,-26.3,AMS,-96.79164089,43.67426965,1.0,,39MH34,Burkman,USA,South Dakota,North America,UWyo2021,Key 1983,Unknown lab ID
ISGSA-1042,1855.0,45.0,BONE,Dog bone collagen,,AMS,-76.82364771,42.78107594,1.0,,9908.000003,Kipp Island,USA,New York,North America,UWyo2021,Hart et al. 2011,Unknown lab ID
ISGSA-1056,1050.0,20.0,CHARCOAL,,,AMS,-91.47944869,40.64206032,1.0,,13LE648,Osage Orange,USA,Iowa,North America,UWyo2021,Benn and Thompson 2014-What four late late Woodland Sites…,Unknown lab ID
ISGSA-1070,700.0,20.0,POTTERYRESIDUE,,,AMS,-88.77588131,43.02091354,1.0,,47JE904,Crescent Bay Hunt Club,USA,Wisconsin,North America,UWyo2021,Schneider 2015-Oneota Ceramic Production and Exchange….,Unknown lab ID
ISGSA-1074,880.0,20.0,POTTERYRESIDUE,,-26.3,AMS,-88.48839522,43.75359574,1.0,,47FD10,Pipe,USA,Wisconsin,North America,UWyo2021,Hart et a 2012 The Potential of Bulk…,Unknown lab ID
ISGSA-1075,830.0,20.0,POTTERYRESIDUE,,-25.3,AMS,-88.48839522,43.75359574,1.0,,47FD10,Pipe,USA,Wisconsin,North America,UWyo2021,Hart et a 2012 The Potential of Bulk…,Unknown lab ID
ISGSA-1078,790.0,20.0,POTTERYRESIDUE,,-24.2,AMS,-88.48839522,43.75359574,1.0,,47FD10,Pipe,USA,Wisconsin,North America,UWyo2021,Hart et a 2012 The Potential of Bulk…,Unknown lab ID
ISGSA-1080,880.0,20.0,POTTERYRESIDUE,,,AMS,-88.42869267,41.93914122,1.0,,11K52,Washington Irving,USA,Illinois,North America,UWyo2021,Richards and Jeske 2015; Wilson 2016-Late Prehistoric Lithic Economies in the Prairie Peninsula,Unknown lab ID
ISGSA-1081,1005.0,20.0,POTTERYRESIDUE,,,AMS,-88.42869267,41.93914122,1.0,,11K52,Washington Irving,USA,Illinois,North America,UWyo2021,Richards and Jeske 2015; Wilson 2016-Late Prehistoric Lithic Economies in the Prairie Peninsula,Unknown lab ID
ISGSA-1082,675.0,20.0,POTTERYRESIDUE,,-25.5,AMS,-87.97864703,41.44520887,1.0,,11WI5,Fisher,USA,Illinois,North America,UWyo2021,Hart et al 2012 The Potential of Bulk…,Unknown lab ID
ISGSA-1085,230.0,20.0,POTTERYRESIDUE,,-25.3,AMS,-88.88596091,41.34404799,1.0,,11LSà,Zimmerman,USA,Illinois,North America,UWyo2021,Hart et al 2012 The Potential of Bulk…,Unknown lab ID
ISGSA-1087,2170.0,20.0,SEEDS,Hickory nutshell,-25,AMS,-91.16482133,40.40367312,1.0,,11HA693,Hickman #1,USA,Illinois,North America,UWyo2021,Nolan Mallo and Boyd 2016; Illinois Archaeology vol. 28 pp. 257-290,Unknown lab ID
ISGSA-1088,345.0,20.0,SEEDS,Cucurbita spp. Seed coats,-27,AMS,-87.64615466,41.89556793,1.0,,11CK4,Hoxie Farm site,USA,Illinois,North America,UWyo2021,Simon 2011-Evidence for variability….,Unknown lab ID
ISGSA-1089,900.0,20.0,POTTERYRESIDUE,,-25,AMS,-89.73464987,45.33748532,1.0,,47LI103,,USA,Wisconsin,North America,UWyo2021,Hart et a 2012 The Potential of Bulk…,Unknown lab ID
ISGSA-1090,2195.0,25.0,BONE,Canid (rib),-23.8,AMS,-87.02886857,45.03266068,1.0,,47DR80,Richter,USA,Wisconsin,North America,UWyo2021,Epstein 2010:125,Unknown lab ID
ISGSA-1094,1895.0,20.0,POTTERYRESIDUE,,-25.8,AMS,,,0.0,,,Sloan,USA,Wisconsin,North America,UWyo2021,Hart et a 2012 The Potential of Bulk…,Unknown lab ID
ISGSA-1095,550.0,15.0,POTTERYRESIDUE,,,AMS,-88.70752454,43.41631105,1.0,,47DO27,Nitschke Mound Group,USA,Wisconsin,North America,UWyo2021,Clauter 2011:14,Unknown lab ID
ISGSA-1097,1710.0,20.0,POTTERYRESIDUE,,-25.8,AMS,,,0.0,,,Sloan,USA,Wisconsin,North America,UWyo2021,Hart et a 2012 The Potential of Bulk…,Unknown lab ID
ISGSA-1098,1990.0,20.0,POTTERYRESIDUE,,-27.2,AMS,,,0.0,,,Sloan,USA,Wisconsin,North America,UWyo2021,Hart et a 2012 The Potential of Bulk…,Unknown lab ID
ISGSA-1099,1890.0,20.0,POTTERYRESIDUE,,-24.5,AMS,,,0.0,,,Sloan,USA,Wisconsin,North America,UWyo2021,Hart et a 2012 The Potential of Bulk…,Unknown lab ID
ISGSA-1100,1360.0,20.0,POTTERYRESIDUE,,-24.5,AMS,-88.08568861,41.85217670000001,1.0,,11DU1,Kautz,USA,Illinois,North America,UWyo2021,Hart et al 2012 The Potential of Bulk…,Unknown lab ID
ISGSA-1102,380.0,25.0,POTTERYRESIDUE,,-25.6,AMS,,,0.0,,,Horton,USA,Illinois,North America,UWyo2021,Hart et al 2012 The Potential of Bulk…,Unknown lab ID
ISGSA-1104,1025.0,20.0,POTTERYRESIDUE,,-25.4,AMS,-88.48839522,43.75359574,1.0,,47FD10,Pipe,USA,Wisconsin,North America,UWyo2021,Hart et a 2012 The Potential of Bulk…,Unknown lab ID
ISGSA-1105,980.0,20.0,POTTERYRESIDUE,,-19.5,AMS,-88.77588131,43.02091354,1.0,,47JE1,Aztalan,USA,Wisconsin,North America,UWyo2021,Hart et a 2012 The Potential of Bulk…,Unknown lab ID
ISGSA-1106,1120.0,20.0,POTTERYRESIDUE,,-20.1,AMS,-88.77588131,43.02091354,1.0,,47JE1,Aztalan,USA,Wisconsin,North America,UWyo2021,Hart et a 2012 The Potential of Bulk…,Unknown lab ID
ISGSA-1107,2365.0,40.0,POTTERYRESIDUE,Kegonsa stamped  Vessel,,AMS,-88.77588131,43.02091354,1.0,,47JE93,Crabapple Point locality,USA,Wisconsin,North America,UWyo2021,Richards and Jeske 2015,Unknown lab ID
ISGSA-115,613.0,34.0,CHARCOAL,,,AMS,-93.24046742,42.38395436,1.0,,13HA385,Allen Fan,USA,Iowa,North America,UWyo2021,Fishel et al. 2003,Unknown lab ID
ISGSA-1159,955.0,15.0,OTHER,Unidentified grass- like stems and leaves,-14,AMS,-89.90517719,38.82984438,1.0,,11MS34,Cahokia Mounds,USA,Illinois,North America,UWyo2021,Schilling 2010,Unknown lab ID
ISGSA-1160,1030.0,15.0,OTHER,Unidentified grass- like stems and leaves,-22.2,AMS,-89.90517719,38.82984438,1.0,,11MS34,Cahokia Mounds,USA,Illinois,North America,UWyo2021,Schilling 2010,Unknown lab ID
ISGSA-1182,1130.0,20.0,TEETH,Tooth Collagen,,AMS,-76.82364771,42.78107594,1.0,,9908.000003,Kipp Island,USA,New York,North America,UWyo2021,Hart et al. 2011,Unknown lab ID
ISGSA-1187,330.0,25.0,POTTERYRESIDUE,,-24.1,AMS,-87.97864703,41.44520887,1.0,,11WI213,New Lenox,USA,Illinois,North America,UWyo2021,Hart et al 2012 The Potential of Bulk…,Unknown lab ID
ISGSA-1189,365.0,20.0,POTTERYRESIDUE,,-20.8,AMS,-87.97864703,41.44520887,1.0,,11WI213,New Lenox,USA,Illinois,North America,UWyo2021,Hart et al 2012 The Potential of Bulk…,Unknown lab ID
ISGSA-1192,415.0,20.0,POTTERYRESIDUE,,-23.8,AMS,-87.97864703,41.44520887,1.0,,11WI213,New Lenox,USA,Illinois,North America,UWyo2021,Hart et al 2012 The Potential of Bulk…,Unknown lab ID
ISGSA-1200,1275.0,20.0,POTTERYRESIDUE,,-25.4,AMS,-88.77588131,43.02091354,1.0,,47JE379,Koshkonong Creek  Village,USA,Wisconsin,North America,UWyo2021,Hart et a 2012 The Potential of Bulk…,Unknown lab ID
ISGSA-1201,655.0,25.0,SEEDS,Zea mays,,AMS,-88.42869267,41.93914122,1.0,,11K52,Washington Irving,USA,Illinois,North America,UWyo2021,Richards and Jeske 2015; Wilson 2016-Late Prehistoric Lithic Economies in the Prairie Peninsula,Unknown lab ID
ISGSA-1202,800.0,20.0,SEEDS,nutshell,,AMS,-88.42869267,41.93914122,1.0,,11K52,Washington Irving,USA,Illinois,North America,UWyo2021,Richards and Jeske 2015; Wilson 2016-Late Prehistoric Lithic Economies in the Prairie Peninsula,Unknown lab ID
ISGSA-1204,810.0,25.0,SEEDS,nutshell,,AMS,-88.42869267,41.93914122,1.0,,11K52,Washington Irving,USA,Illinois,North America,UWyo2021,Richards and Jeske 2015; Wilson 2016-Late Prehistoric Lithic Economies in the Prairie Peninsula,Unknown lab ID
ISGSA-1205,650.0,20.0,SEEDS,Zea mays,,AMS,-88.42869267,41.93914122,1.0,,11K52,Washington Irving,USA,Illinois,North America,UWyo2021,Richards and Jeske 2015; Wilson 2016-Late Prehistoric Lithic Economies in the Prairie Peninsula,Unknown lab ID
ISGSA-1206,670.0,25.0,SEEDS,nutshell,,AMS,-88.42869267,41.93914122,1.0,,11K52,Washington Irving,USA,Illinois,North America,UWyo2021,Richards and Jeske 2015; Wilson 2016-Late Prehistoric Lithic Economies in the Prairie Peninsula,Unknown lab ID
ISGSA-1208,285.0,20.0,POTTERYRESIDUE,,-24.1,AMS,-87.97864703,41.44520887,1.0,,11WIà,Joliet Arsenal,USA,Illinois,North America,UWyo2021,Hart et al 2012 The Potential of Bulk…,Unknown lab ID
ISGSA-1209,2255.0,20.0,POTTERYRESIDUE,,-29.6,AMS,-89.16075551,42.33642751,1.0,,11WOà,Macktown,USA,Illinois,North America,UWyo2021,Hart et al 2012 The Potential of Bulk…,Unknown lab ID
ISGSA-1211,785.0,20.0,POTTERYRESIDUE,,,AMS,-88.77588131,43.02091354,1.0,,47JE833,Schmeling,USA,Wisconsin,North America,UWyo2021,Schneider 2015-Oneota Ceramic Production and Exchange….,Unknown lab ID
ISGSA-1219,1640.0,20.0,BONE,collagen,,AMS,-87.02886857,45.03266068,1.0,,47DR80,Richter,USA,Wisconsin,North America,UWyo2021,Birnbaum 2017-The Richter Site…,Unknown lab ID
ISGSA-1220,1745.0,25.0,BONE,collagen,,AMS,-87.02886857,45.03266068,1.0,,47DR80,Richter,USA,Wisconsin,North America,UWyo2021,Birnbaum 2017-The Richter Site…,Unknown lab ID
ISGSA-1221,1985.0,20.0,BONE,collagen,,AMS,-87.02886857,45.03266068,1.0,,47DR80,Richter,USA,Wisconsin,North America,UWyo2021,Birnbaum 2017-The Richter Site…,Unknown lab ID
ISGSA-1222,1645.0,20.0,BONE,collagen,,AMS,-87.02886857,45.03266068,1.0,,47DR80,Richter,USA,Wisconsin,North America,UWyo2021,Birnbaum 2017-The Richter Site…,Unknown lab ID
ISGSA-1237,1920.0,40.0,POTTERYRESIDUE,Shorewood cord roughened  Vessel,,AMS,-89.41802878,43.06738536,1.0,,47DA3,Outlet,USA,Wisconsin,North America,UWyo2021,Bender et al 1982,Unknown lab ID
ISGSA-1238,785.0,15.0,POTTERYRESIDUE,,,AMS,-88.77588131,43.02091354,1.0,,47JE904,Crescent Bay Hunt Club,USA,Wisconsin,North America,UWyo2021,Schneider 2015-Oneota Ceramic Production and Exchange….,Unknown lab ID
ISGSA-1242,690.0,15.0,POTTERYRESIDUE,,,AMS,-88.77588131,43.02091354,1.0,,47JE904,Crescent Bay Hunt Club,USA,Wisconsin,North America,UWyo2021,Schneider 2015-Oneota Ceramic Production and Exchange….,Unknown lab ID
ISGSA-1243,745.0,20.0,POTTERYRESIDUE,,,AMS,-88.77588131,43.02091354,1.0,,47JE904,Crescent Bay Hunt Club,USA,Wisconsin,North America,UWyo2021,Schneider 2015-Oneota Ceramic Production and Exchange….,Unknown lab ID
ISGSA-1244,765.0,15.0,POTTERYRESIDUE,,,AMS,-88.77588131,43.02091354,1.0,,47JE833,Schmeling,USA,Wisconsin,North America,UWyo2021,Schneider 2015-Oneota Ceramic Production and Exchange….,Unknown lab ID
ISGSA-1246,990.0,20.0,POTTERYRESIDUE,,,AMS,-88.77588131,43.02091354,1.0,,47JE904,Crescent Bay Hunt Club,USA,Wisconsin,North America,UWyo2021,Schneider 2015-Oneota Ceramic Production and Exchange….,Unknown lab ID
ISGSA-1251,1230.0,20.0,POTTERYRESIDUE,,-23.5,AMS,-88.77588131,43.02091354,1.0,,47JE1,Aztalan,USA,Wisconsin,North America,UWyo2021,Hart et a 2012 The Potential of Bulk…,Unknown lab ID
ISGSA-1258,160.0,20.0,CHARCOAL,,,AMS,-84.21715437,38.20670885,1.0,,15BB1,LeBus Circle,USA,Kentucky,North America,UWyo2021,Henry 2009-Geophysical Prospection and Excavation at….,Unknown lab ID
ISGSA-1262,365.0,25.0,CHARCOAL,,,AMS,-84.21715437,38.20670885,1.0,,15BB1,LeBus Circle,USA,Kentucky,North America,UWyo2021,Henry 2009-Geophysical Prospection and Excavation at….,Unknown lab ID
ISGSA-1263,905.0,20.0,SEEDS,Zea mays,-8,AMS,-89.90517719,38.82984438,1.0,,11MS1124,D. Hitchens,USA,Illinois,North America,UWyo2021,Yancey and Koldehoff 2010; Illinois Archaeology vol. 22 (2) :491-501,Unknown lab ID
ISGSA-1264,100.0,20.0,SEEDS,Zea mays Kernel,-10.4,AMS,-91.16482133,40.40367312,1.0,,11HA360,Sartorious,USA,Illinois,North America,UWyo2021,Simon 2014-Reevaluating the Introduction of Maize into the American Bottom,Unknown lab ID
ISGSA-1265,130.0,20.0,SEEDS,Zea mays Kernel,-10.5,AMS,-91.16482133,40.40367312,1.0,,11HA360,Sartorious,USA,Illinois,North America,UWyo2021,Simon 2014-Reevaluating the Introduction of Maize into the American Bottom,Unknown lab ID
ISGSA-1317,8860.0,30.0,CHARCOAL,,-24,AMS,,,0.0,,,,USA,Missouri,North America,UWyo2021,Rocheford 2009,Unknown lab ID
ISGSA-1318,9610.0,30.0,CHARCOAL,,-26.8,AMS,,,0.0,,,,USA,Missouri,North America,UWyo2021,Rocheford 2009,Unknown lab ID
ISGSA-1319,9550.0,30.0,CHARCOAL,,-26.3,AMS,,,0.0,,,,USA,Missouri,North America,UWyo2021,Rocheford 2009,Unknown lab ID
ISGSA-1337,795.0,20.0,SEEDS,Zea mays,-8.1,AMS,-79.46682604,40.31064472,1.0,,36WM100,Consol Site,USA,Pennsylvania,North America,UWyo2021,Auffart and Oshnock 2011; Oshnock personal communication 2019,Unknown lab ID
ISGSA-1338,680.0,20.0,SEEDS,Zea mays,-9.6,AMS,-79.46682604,40.31064472,1.0,,36WM100,Consol Site,USA,Pennsylvania,North America,UWyo2021,Auffart and Oshnock 2011; Oshnock personal communication 2019,Unknown lab ID
ISGSA-1343,1075.0,15.0,SEEDS,zea mays 'caps',,AMS,-91.47944869,40.64206032,1.0,,13LE648,Osage Orange,USA,Iowa,North America,UWyo2021,Benn and Thompson 2014-What four late late Woodland Sites…,Unknown lab ID
ISGSA-136,4215.0,40.0,CHARCOAL,Quercus,,AMS,-93.24046742,42.38395436,1.0,,13HA385,Allen Fan,USA,Iowa,North America,UWyo2021,Fishel et al. 2003,Unknown lab ID
ISGSA-137,245.0,32.0,CHARCOAL,,,AMS,-97.09708336,38.35888712,1.0,,14MN515,Great Bend Site,USA,Kansas,North America,UWyo2021,Hoard 2012,Unknown lab ID
ISGSA-1375,2435.0,20.0,POTTERYRESIDUE,,,AMS,-77.29979852,42.85292601,1.0,,NYSM-936,Vine Valley,USA,New York,North America,UWyo2021,Taché and Hart (2013),Unknown lab ID
ISGSA-1379,2415.0,20.0,POTTERYRESIDUE,,-27.5,AMS,-77.29979852,42.85292601,1.0,,NYSM-936,Vine Valley,USA,New York,North America,UWyo2021,Taché and Hart (2013),Unknown lab ID
ISGSA-1409,545.0,15.0,SEEDS,Carya sp.,,AMS,-80.24789720000001,40.18929963,1.0,,36WH678,Hatfield,USA,Pennsylvania,North America,UWyo2021,Bercel and Espino 2010; Espino et al 2011,Unknown lab ID
ISGSA-1429,5135.0,20.0,CHARCOAL,,-26,AMS,-96.34267354,39.37895457,1.0,,14PO1,Coffey,USA,Kansas,North America,UWyo2021,McLean 2010-A Reassessment of the significance of the Coffey site…,Unknown lab ID
ISGSA-1430,5050.0,20.0,CHARCOAL,,-25.8,AMS,-96.34267354,39.37895457,1.0,,14PO1,Coffey,USA,Kansas,North America,UWyo2021,McLean 2010-A Reassessment of the significance of the Coffey site…,Unknown lab ID
ISGSA-1443,8555.0,25.0,CHARCOAL,,,AMS,-91.40070487,37.15749423,1.0,,23SH83/159,Alley Mill,USA,Missouri,North America,UWyo2021,Thulman 2019 The age of the Dalton culture: a Bayesian analysis of the radiocarbon data,Unknown lab ID
ISGSA-1447,870.0,15.0,BONE,Deer humerus,,AMS,-89.90517719,38.82984438,1.0,,11MS34,Cahokia Mounds,USA,Illinois,North America,UWyo2021,Kelly and Brown 2010:Table 1; Schilling 2010,Unknown lab ID
ISGSA-1448,640.0,15.0,BONE,Deer rib,,AMS,-89.90517719,38.82984438,1.0,,11MS34,Cahokia Mounds,USA,Illinois,North America,UWyo2021,Kelly and Brown 2010:Table 1; Schilling 2010,Unknown lab ID
ISGSA-1449,630.0,20.0,BONE,Deer sternum fragment,,AMS,-89.90517719,38.82984438,1.0,,11MS34,Cahokia Mounds,USA,Illinois,North America,UWyo2021,Kelly and Brown 2010:Table 1; Schilling 2010,Unknown lab ID
ISGSA-1450,645.0,15.0,BONE,Deer innominate (pubis),,AMS,-89.90517719,38.82984438,1.0,,11MS34,Cahokia Mounds,USA,Illinois,North America,UWyo2021,Kelly and Brown 2010:Table 1; Schilling 2010,Unknown lab ID
ISGSA-1455,800.0,15.0,SEEDS,bean charred. (Phaseolus vulgaris),-24.3,AMS,-94.42114863,39.31061774,1.0,,23CL115,,USA,Missouri,North America,UWyo2021,Roper and Adair 2010,Unknown lab ID
ISGSA-1456,760.0,15.0,SEEDS,Phaseolus vulgaris charred,-25.5,AMS,-94.42114863,39.31061774,1.0,,23CL109,Richardson Hulse,USA,Missouri,North America,UWyo2021,Roper and Adair 2010,Unknown lab ID
ISGSA-1457,705.0,15.0,SEEDS,Zea mays charred,-7.9,AMS,-95.1471641,39.78820437,1.0,,14DP13,Squaw Creek,USA,Kansas,North America,UWyo2021,Roper and Adair 2011; Tiffany and Lensink 2014,Unknown lab ID
ISGSA-1458,685.0,15.0,SEEDS,bean charred,-24.8,AMS,-95.1471641,39.78820437,1.0,,14DP13,Squaw Creek,USA,Kansas,North America,UWyo2021,Roper and Adair 2011,Unknown lab ID
ISGSA-1459,835.0,15.0,SEEDS,Zea mays charred,-10,AMS,-94.42114863,39.31061774,1.0,,23CL109,Richardson Hulse,USA,Missouri,North America,UWyo2021,Roper and Adair 2010,Unknown lab ID
ISGSA-1460,905.0,15.0,POTTERYRESIDUE,,-20.8,AMS,-94.80620640000001,39.66000342,1.0,,23BN2,Cloverdale,USA,Missouri,North America,UWyo2021,Roper and Adair 2010,Unknown lab ID
ISGSA-1461,860.0,15.0,SEEDS,Zea mays charred,-8.4,AMS,-96.75278773,39.00233137,1.0,,14GE600,Witt,USA,Kansas,North America,UWyo2021,Roper and Adair 2011,Unknown lab ID
ISGSA-1462,675.0,15.0,SEEDS,Zea mays charred,-9.8,AMS,-97.16542581,39.34974355,1.0,,14CY17,Moore,USA,Kansas,North America,UWyo2021,Roper and Adair 2011,Unknown lab ID
ISGSA-1477,735.0,20.0,POTTERYRESIDUE,,-23.1,AMS,,,0.0,,,Sclage,USA,Wisconsin,North America,UWyo2021,Hart et a 2012 The Potential of Bulk…,Unknown lab ID
ISGSA-1486,1525.0,20.0,BONE,collagen from calcined bone,,AMS,-88.45243387,42.32452446,1.0,,11MH495,Bottlemy,USA,Illinois,North America,UWyo2021,Porubcan et al 2010 The Bottlemy Site ...,Unknown lab ID
ISGSA-1487,1780.0,20.0,WOOD,locust,,AMS,-83.05669514,39.33761435,1.0,,33RO27,Hopewell Mound Group,USA,Ohio,North America,UWyo2021,Beehr 2011-Investigation of Middle Woodland population…,Unknown lab ID
ISGSA-1488,1725.0,20.0,WOOD,Red oak,,AMS,-83.05669514,39.33761435,1.0,,33RO27,Hopewell Mound Group,USA,Ohio,North America,UWyo2021,Beehr 2011-Investigation of Middle Woodland population…,Unknown lab ID
ISGSA-1489,1810.0,25.0,WOOD,mapel,,AMS,,,0.0,,,Albany,USA,Illinois,North America,UWyo2021,Beehr 2011-Investigation of Middle Woodland population…,Unknown lab ID
ISGSA-1496,1080.0,15.0,CHARCOAL,,,AMS,-88.45243387,42.32452446,1.0,,11MH495,Bottlemy,USA,Illinois,North America,UWyo2021,Porubcan et al 2010 The Bottlemy Site ...,Unknown lab ID
ISGSA-1506,450.0,15.0,SEEDS,,,AMS,-79.08733516,40.65206169,1.0,,36IN2,Johnston,USA,Pennsylvania,North America,UWyo2021,Kaufman 2013-Understanding Site Formation Processes…,Unknown lab ID
ISGSA-1507,410.0,15.0,SEEDS,,,AMS,-79.08733516,40.65206169,1.0,,36IN2,Johnston,USA,Pennsylvania,North America,UWyo2021,Kaufman 2013-Understanding Site Formation Processes…,Unknown lab ID
ISGSA-1508,565.0,15.0,SEEDS,Zea mays,,AMS,-79.08733516,40.65206169,1.0,,36IN2,Johnston,USA,Pennsylvania,North America,UWyo2021,Kaufman 2013-Understanding Site Formation Processes…,Unknown lab ID
ISGSA-1509,420.0,15.0,SEEDS,Zea mays,,AMS,-79.08733516,40.65206169,1.0,,36IN2,Johnston,USA,Pennsylvania,North America,UWyo2021,Kaufman 2013-Understanding Site Formation Processes…,Unknown lab ID
ISGSA-1510,420.0,15.0,SEEDS,Nutshell,,AMS,-79.08733516,40.65206169,1.0,,36IN2,Johnston,USA,Pennsylvania,North America,UWyo2021,Kaufman 2013-Understanding Site Formation Processes…,Unknown lab ID
ISGSA-1514,220.0,15.0,WOOD,,,AMS,,,0.0,,,Albany,USA,Illinois,North America,UWyo2021,Beehr 2011-Investigation of Middle Woodland population…,Unknown lab ID
ISGSA-1547,1070.0,15.0,CHARCOAL,residue,-19.4,AMS,-97.65062409,39.13254706,1.0,,14OT5,Minneapolis,USA,Kansas,North America,UWyo2021,Roper and Adair 2011,Unknown lab ID
ISGSA-1548,705.0,15.0,CHARCOAL,residue,-20.1,AMS,-97.16542581,39.34974355,1.0,,14CY102,Moll Creek,USA,Kansas,North America,UWyo2021,Roper and Adair 2011,Unknown lab ID
ISGSA-1549,705.0,15.0,CHARCOAL,residue,-19.6,AMS,-97.16542581,39.34974355,1.0,,14CY102,Moll Creek,USA,Kansas,North America,UWyo2021,Roper and Adair 2011,Unknown lab ID
ISGSA-1550,725.0,20.0,CHARCOAL,residue,-15.3,AMS,-97.16542581,39.34974355,1.0,,14CY2,Perreault,USA,Kansas,North America,UWyo2021,Roper and Adair 2011,Unknown lab ID
ISGSA-1551,990.0,15.0,CHARCOAL,residue,-17.2,AMS,-98.20791064,39.04529988,1.0,,14LC301,Root,USA,Kansas,North America,UWyo2021,Roper and Adair 2011,Unknown lab ID
ISGSA-1552,675.0,15.0,CHARCOAL,residue,-14.4,AMS,-97.65062409,39.13254706,1.0,,14OT5,Minneapolis,USA,Kansas,North America,UWyo2021,Roper and Adair 2011,Unknown lab ID
ISGSA-1553,715.0,15.0,CHARCOAL,residue,-21.4,AMS,-97.65062409,39.13254706,1.0,,14OT308,Markley,USA,Kansas,North America,UWyo2021,Roper and Adair 2011,Unknown lab ID
ISGSA-1554,935.0,15.0,CHARCOAL,residue,-20.9,AMS,-98.20791064,39.04529988,1.0,,14LC301,Root,USA,Kansas,North America,UWyo2021,Roper and Adair 2011,Unknown lab ID
ISGSA-1556,665.0,15.0,CHARCOAL,residue,-20.7,AMS,-96.73559025,39.29659444,1.0,,14RY10,,USA,Kansas,North America,UWyo2021,Roper and Adair 2011,Unknown lab ID
ISGSA-1558,755.0,15.0,CHARCOAL,residue,-15.3,AMS,-97.65030326,38.78379193,1.0,,14SA403,Winslow,USA,Kansas,North America,UWyo2021,Roper and Adair 2011,Unknown lab ID
ISGSA-1653,795.0,15.0,POTTERYRESIDUE,,-21.8,AMS,-88.77588131,43.02091354,1.0,,47JE904,Crescent Bay Hunt Club,USA,Wisconsin,North America,UWyo2021,Hart et a 2012 The Potential of Bulk…,Unknown lab ID
ISGSA-1654,765.0,15.0,POTTERYRESIDUE,,-19.8,AMS,-88.77588131,43.02091354,1.0,,47JE904,Crescent Bay Hunt Club,USA,Wisconsin,North America,UWyo2021,Hart et a 2012 The Potential of Bulk…,Unknown lab ID
ISGSA-1695,9150.0,25.0,CHARCOAL,,,AMS,-103.527713,43.23952533,1.0,,39FA65,Ray Long,USA,South Dakota,North America,UWyo2021,Buhta et al. 2012 The Archeology History and Geomorphology of the Ray Long Site (39FA65)…,Unknown lab ID
ISGSA-1713,325.0,15.0,SEEDS,Zea mays kernel,-8.6,AMS,-74.43954655,42.9023664,1.0,,,Palatine Bridge,USA,New York,North America,UWyo2021,Hart and Manning 2019-Radiocarbon Baysian chronological modeling and….,Unknown lab ID
ISGSA-1722,955.0,15.0,SEEDS,Zea mays Kernel,-9.2,AMS,-89.90517719,38.82984438,1.0,,11MS517,Sponemann,USA,Illinois,North America,UWyo2021,Simon 2014-Reevaluating the Introduction of Maize into the American Bottom,Unknown lab ID
ISGSA-1724,1110.0,25.0,CHARCOAL,residue,-23.4,AMS,-96.20518377,38.95328546,1.0,,14WB322,Claussen,USA,Kansas,North America,UWyo2021,Roper and Adair 2012,Unknown lab ID
ISGSA-1725,790.0,20.0,POTTERYRESIDUE,,-23.6,AMS,-94.77375646,39.38060595,1.0,,23PL4,W.W.Young,USA,Missouri,North America,UWyo2021,Tiffany and Lensink 2014,Unknown lab ID
ISGSA-1726,860.0,20.0,POTTERYRESIDUE,,-26.2,AMS,-94.80620640000001,39.66000342,1.0,,23BN2,Cloverdale,USA,Missouri,North America,UWyo2021,Tiffany and Lensink 2014,Unknown lab ID
ISGSA-1727,850.0,20.0,POTTERYRESIDUE,,-23.7,AMS,-94.80620640000001,39.66000342,1.0,,23BN2,Cloverdale,USA,Missouri,North America,UWyo2021,Tiffany and Lensink 2014,Unknown lab ID
ISGSA-1728,900.0,20.0,POTTERYRESIDUE,,-23.1,AMS,-94.77375646,39.38060595,1.0,,23PL13,Steed-Kisker,USA,Missouri,North America,UWyo2021,Tiffany and Lensink 2014,Unknown lab ID
ISGSA-1729,885.0,20.0,POTTERYRESIDUE,,,AMS,-94.77375646,39.38060595,1.0,,23PL13,Steed-Kisker,USA,Missouri,North America,UWyo2021,Tiffany and Lensink 2014,Unknown lab ID
ISGSA-1730,660.0,20.0,SEEDS,Phaseolus vulgaris charred,-27.6,AMS,-94.77375646,39.38060595,1.0,,23PL16,Coons,USA,Missouri,North America,UWyo2021,Tiffany and Lensink 2014,Unknown lab ID
ISGSA-1731,685.0,20.0,SEEDS,Phaseolus vulgaris charred,-26.9,AMS,-94.77375646,39.38060595,1.0,,23PL4,W.W.Young,USA,Missouri,North America,UWyo2021,Tiffany and Lensink 2014,Unknown lab ID
ISGSA-1732,685.0,20.0,SEEDS,Phaseolus vulgaris charred,-25.4,AMS,-94.77375646,39.38060595,1.0,,23PL4,W.W.Young,USA,Missouri,North America,UWyo2021,Tiffany and Lensink 2014,Unknown lab ID
ISGSA-1733,720.0,20.0,SEEDS,Zea mays charred,-9.7,AMS,-94.77375646,39.38060595,1.0,,23PL80,White,USA,Missouri,North America,UWyo2021,Tiffany and Lensink 2014,Unknown lab ID
ISGSA-1734,805.0,20.0,SEEDS,Zea mays charred,-10.2,AMS,-94.77375646,39.38060595,1.0,,23PL80,White,USA,Missouri,North America,UWyo2021,Tiffany and Lensink 2014,Unknown lab ID
ISGSA-1735,790.0,20.0,SEEDS,Zea mays charred,-9.7,AMS,-94.77375646,39.38060595,1.0,,23PL80,White,USA,Missouri,North America,UWyo2021,Tiffany and Lensink 2014,Unknown lab ID
ISGSA-1736,610.0,20.0,SEEDS,Zea mays,-8.4,AMS,-79.08733516,40.65206169,1.0,,36IN2,Johnston,USA,Pennsylvania,North America,UWyo2021,Mitchell 2011-Understanding the Occupational History of…,Unknown lab ID
ISGSA-1737,400.0,20.0,SEEDS,Zea mays,,AMS,-79.08733516,40.65206169,1.0,,36IN2,Johnston,USA,Pennsylvania,North America,UWyo2021,Kaufman 2013-Understanding Site Formation Processes…,Unknown lab ID
ISGSA-174,650.0,43.0,SEEDS,Bean,-27.1,AMS,-90.20743186,40.47273335,1.0,,11F1109,Larson,USA,Illinois,North America,UWyo2021,Hart et al. 2002,Unknown lab ID
ISGSA-175,652.0,42.0,SEEDS,Phaseolus Vulgaris,-26.5,AMS,-84.29057137,39.75467246,1.0,,33MY57,Incinerator/Sunwatch,USA,Ohio,North America,UWyo2021,Hart et al. 2002; Brady-Rawlins 2007; Nolan 2012,Unknown lab ID
ISGSA-1759,915.0,20.0,CHARCOAL,Zea mays cupule,-25.9,AMS,-79.08733516,40.65206169,1.0,,36IN2,Johnston,USA,Pennsylvania,North America,UWyo2021,Mitchell 2011-Understanding the Occupational History of…,Unknown lab ID
ISGSA-176,757.0,44.0,SEEDS,Bean,-25.4,AMS,-90.20743186,40.47273335,1.0,,11F1109,Larson,USA,Illinois,North America,UWyo2021,Hart et al. 2002,Unknown lab ID
ISGSA-1760,895.0,20.0,SEEDS,Zea mays,-8.5,AMS,-95.72704421,38.65240546,1.0,,14OS314,Harsch,USA,Kansas,North America,UWyo2021,Adair 2012 Refining Plains Woodland Chronology,Unknown lab ID
ISGSA-1761,820.0,20.0,SEEDS,Zea mays,,AMS,-95.29269544,38.88459666,1.0,,14DO19,Hatcher,USA,Kansas,North America,UWyo2021,Adair 2012 Refining Plains Woodland Chronology,Unknown lab ID
ISGSA-1768,970.0,20.0,SEEDS,Zea mays Kernel,-9.2,AMS,-89.90517719,38.82984438,1.0,,11MS517,Sponemann,USA,Illinois,North America,UWyo2021,Simon 2014-Reevaluating the Introduction of Maize into the American Bottom,Unknown lab ID
ISGSA-177,655.0,43.0,SEEDS,Bean,-27,AMS,-90.20743186,40.47273335,1.0,,11F1284,Orendorf,USA,Illinois,North America,UWyo2021,Hart et al. 2002,Unknown lab ID
ISGSA-1770,870.0,20.0,SEEDS,Zea mays cupule,-10,AMS,-89.90517719,38.82984438,1.0,,11MS517,Sponemann,USA,Illinois,North America,UWyo2021,Simon 2014-Reevaluating the Introduction of Maize into the American Bottom,Unknown lab ID
ISGSA-1775,910.0,15.0,POTTERYRESIDUE,cordmarked calcite-tempered sherd,-20,AMS,-95.72704421,38.65240546,1.0,,14OS312,Wiley,USA,Kansas,North America,UWyo2021,Adair 2012 Refining Plains Woodland Chronology,Unknown lab ID
ISGSA-1776,835.0,15.0,POTTERYRESIDUE,cordmarked calcite-tempered sherd,-20.1,AMS,-95.72704421,38.65240546,1.0,,14OS312,Wiley,USA,Kansas,North America,UWyo2021,Adair 2012 Refining Plains Woodland Chronology,Unknown lab ID
ISGSA-1777,1225.0,20.0,POTTERYRESIDUE,,-25,AMS,-95.29269544,38.88459666,1.0,,14DO32,Anderson,USA,Kansas,North America,UWyo2021,Adair 2012 Refining Plains Woodland Chronology,Unknown lab ID
ISGSA-1778,1610.0,15.0,POTTERYRESIDUE,,-25.4,AMS,-94.83816750000001,38.56362978,1.0,,14MM26,,USA,Kansas,North America,UWyo2021,Adair 2012 Refining Plains Woodland Chronology,Unknown lab ID
ISGSA-1779,1515.0,15.0,POTTERYRESIDUE,,-25.7,AMS,-94.83816750000001,38.56362978,1.0,,14MM26,,USA,Kansas,North America,UWyo2021,Adair 2012 Refining Plains Woodland Chronology,Unknown lab ID
ISGSA-1780,1585.0,20.0,POTTERYRESIDUE,,-25.3,AMS,-94.83816750000001,38.56362978,1.0,,14MM26,,USA,Kansas,North America,UWyo2021,Adair 2012 Refining Plains Woodland Chronology,Unknown lab ID
ISGSA-1781,670.0,15.0,SEEDS,Phaseolus vulgaris charred,-25.4,AMS,-94.42114863,39.31061774,1.0,,23CL115,,USA,Missouri,North America,UWyo2021,Tiffany and Lensink 2014,Unknown lab ID
ISGSA-1782,890.0,20.0,SEEDS,Zea mays,,AMS,-95.29269544,38.88459666,1.0,,14DO19,Hatcher,USA,Kansas,North America,UWyo2021,Adair 2012 Refining Plains Woodland Chronology,Unknown lab ID
ISGSA-1783,890.0,15.0,POTTERYRESIDUE,,,AMS,-95.29269544,38.88459666,1.0,,14DO19,Hatcher,USA,Kansas,North America,UWyo2021,Adair 2012 Refining Plains Woodland Chronology,Unknown lab ID
ISGSA-1784,850.0,20.0,SEEDS,Zea mays,-8.3,AMS,-95.72704421,38.65240546,1.0,,14OS314,Harsch,USA,Kansas,North America,UWyo2021,Adair 2012 Refining Plains Woodland Chronology,Unknown lab ID
ISGSA-1785,970.0,15.0,SEEDS,Zea mays,,AMS,-96.20518377,38.95328546,1.0,,14WB504,Stiles,USA,Kansas,North America,UWyo2021,Adair 2012 Refining Plains Woodland Chronology,Unknown lab ID
ISGSA-1786,950.0,15.0,SEEDS,nutshell,,AMS,-96.20518377,38.95328546,1.0,,14WB504,Stiles,USA,Kansas,North America,UWyo2021,Adair 2012 Refining Plains Woodland Chronology,Unknown lab ID
ISGSA-1787,970.0,15.0,SEEDS,nutshell,,AMS,-96.20518377,38.95328546,1.0,,14WB504,Stiles,USA,Kansas,North America,UWyo2021,Adair 2012 Refining Plains Woodland Chronology,Unknown lab ID
ISGSA-1789,1100.0,20.0,SEEDS,Walnut shell,-25.1,AMS,-94.84937404,37.85535702,1.0,,14BO20,,USA,Kansas,North America,UWyo2021,Adair 2012 Refining Plains Woodland Chronology,Unknown lab ID
ISGSA-1790,1015.0,20.0,POTTERYRESIDUE,residue,-17.4,AMS,-98.95288116,40.17640738,1.0,,25FR6,Holdredge 3,USA,Nebraska,North America,UWyo2021,Roper and Adair 2012,Unknown lab ID
ISGSA-1791,910.0,15.0,POTTERYRESIDUE,residue,-17.1,AMS,-98.95288116,40.17640738,1.0,,25FR6,Holdredge 3,USA,Nebraska,North America,UWyo2021,Roper and Adair 2012,Unknown lab ID
ISGSA-1796,850.0,20.0,SEEDS,Zea mays cupule,-9.9,AMS,-89.90517719,38.82984438,1.0,,11MS517,Sponemann,USA,Illinois,North America,UWyo2021,Simon 2014-Reevaluating the Introduction of Maize into the American Bottom,Unknown lab ID
ISGSA-1809,2560.0,20.0,SEEDS,nutshell carbonized,,AMS,-86.09199506,35.15518425,1.0,,40FR267,Uzzelles Shelter,USA,Tennessee,North America,UWyo2021,Carmody 2014-From Foraging to Food Production on the Souther Cumberland Plateau….,Unknown lab ID
ISGSA-1811,7725.0,40.0,SEEDS,nutshell carbonized,,AMS,-86.09199506,35.15518425,1.0,,40FR267,Uzzelles Shelter,USA,Tennessee,North America,UWyo2021,Carmody 2014-From Foraging to Food Production on the Souther Cumberland Plateau….,Unknown lab ID
ISGSA-1831,2195.0,15.0,POTTERYRESIDUE,Pipe residue,,AMS,-80.66317894,39.86065894,1.0,,46MR7,Cresap Mound,USA,West Virginia,North America,UWyo2021,Tippins et al. 2016:7,Unknown lab ID
ISGSA-1832,2380.0,15.0,WOOD,,,AMS,-80.66317894,39.86065894,1.0,,46MR7,Cresap Mound,USA,West Virginia,North America,UWyo2021,Tippins et al. 2016:7,Unknown lab ID
ISGSA-1849,2190.0,20.0,BONE,deer,,AMS,-80.24789720000001,40.18929963,1.0,,36WH29,Mathies Mine Mound,USA,Pennsylvania,North America,UWyo2021,Tanner et al 2012,Unknown lab ID
ISGSA-190,1425.0,45.0,POTTERYRESIDUE,,-28.1,AMS,-76.20876883,43.46391903,1.0,,7507.000009,Wickham,USA,New York,North America,UWyo2021,Hart et al (2003),Unknown lab ID
ISGSA-191,1228.0,42.0,POTTERYRESIDUE,,-25.8,AMS,-76.20876883,43.46391903,1.0,,7507.000009,Wickham,USA,New York,North America,UWyo2021,Hart et al. (2003),Unknown lab ID
ISGSA-1917,5945.0,15.0,WOOD,Gymnocladus dioicus,-23.9,AMS,-93.57373777,41.68569055,1.0,,13PK966,The Palace Site,USA,Iowa,North America,UWyo2021,Whittaker 2016,Unknown lab ID
ISGSA-1918,6055.0,15.0,WOOD,,-24.7,AMS,-93.57373777,41.68569055,1.0,,13PK966,The Palace Site,USA,Iowa,North America,UWyo2021,Whittaker 2016,Unknown lab ID
ISGSA-1919,6150.0,15.0,WOOD,Ulmus rubra,-24.7,AMS,-93.57373777,41.68569055,1.0,,13PK966,The Palace Site,USA,Iowa,North America,UWyo2021,Whittaker 2016,Unknown lab ID
ISGSA-192,1231.0,44.0,POTTERYRESIDUE,,-26.7,AMS,-77.04815909,43.32533601,1.0,,11711.000016/NYSM-1538,Hunter’s Home,USA,New York,North America,UWyo2021,Hart et al. (2003),Unknown lab ID
ISGSA-1921,5885.0,15.0,WOOD,Ulmus rubra,-24,AMS,-93.57373777,41.68569055,1.0,,13PK966,The Palace Site,USA,Iowa,North America,UWyo2021,Whittaker 2016,Unknown lab ID
ISGSA-1922,6080.0,15.0,WOOD,Ulmus rubra,-24.9,AMS,-93.57373777,41.68569055,1.0,,13PK966,The Palace Site,USA,Iowa,North America,UWyo2021,Whittaker 2016,Unknown lab ID
ISGSA-1923,6030.0,15.0,WOOD,Ulmus americana,-25.3,AMS,-93.57373777,41.68569055,1.0,,13PK966,The Palace Site,USA,Iowa,North America,UWyo2021,Whittaker 2016,Unknown lab ID
ISGSA-193,1286.0,40.0,POTTERYRESIDUE,,-27.2,AMS,-77.04815909,43.32533601,1.0,,11711.000016/NYSM-1538,Hunter’s Home,USA,New York,North America,UWyo2021,Hart et al. (2003),Unknown lab ID
ISGSA-194,1648.0,47.0,POTTERYRESIDUE,,-29,AMS,-76.20876883,43.46391903,1.0,,7507.000009,Wickham,USA,New York,North America,UWyo2021,Hart et al. (2003),Unknown lab ID
ISGSA-195,1450.0,43.0,POTTERYRESIDUE,,-29.7,AMS,-76.20876883,43.46391903,1.0,,7507.000009,Wickham,USA,New York,North America,UWyo2021,Hart et al. (2003),Unknown lab ID
ISGSA-196,1138.0,40.0,POTTERYRESIDUE,,-24.9,AMS,-77.04815909,43.32533601,1.0,,11711.000016/NYSM-1538,Hunter’s Home,USA,New York,North America,UWyo2021,Hart et al. (2003),Unknown lab ID
ISGSA-1966,1835.0,20.0,WOOD,,,AMS,-98.03124914,30.05821493,1.0,,41HY165,,USA,Texas,North America,UWyo2021,Leezer 2013 Prehistoric Life along the banks of Spring Lake …Archaeological Studies Report 13 Texas State University - San Marcos,Unknown lab ID
ISGSA-1969,380.0,15.0,SEEDS,Bean,,AMS,-79.08733516,40.65206169,1.0,,36IN2,Johnston,USA,Pennsylvania,North America,UWyo2021,Kaufman 2013-Understanding Site Formation Processes…,Unknown lab ID
ISGSA-197,1247.0,48.0,POTTERYRESIDUE,,-27.5,AMS,-77.04815909,43.32533601,1.0,,11711.000016/NYSM-1538,Hunter’s Home,USA,New York,North America,UWyo2021,Hart et al. (2003),Unknown lab ID
ISGSA-1970,420.0,15.0,SEEDS,Bean,,AMS,-79.08733516,40.65206169,1.0,,36IN2,Johnston,USA,Pennsylvania,North America,UWyo2021,Kaufman 2013-Understanding Site Formation Processes…,Unknown lab ID
ISGSA-1976,1370.0,15.0,SEEDS,nutshell carbonized,,AMS,-86.09199506,35.15518425,1.0,,40FR276,Michaels Shelter,USA,Tennessee,North America,UWyo2021,Carmody 2014-From Foraging to Food Production on the Souther Cumberland Plateau….,Unknown lab ID
ISGSA-1977,1670.0,20.0,SEEDS,nutshell carbonized,,AMS,-86.09199506,35.15518425,1.0,,40FR276,Michaels Shelter,USA,Tennessee,North America,UWyo2021,Carmody 2014-From Foraging to Food Production on the Souther Cumberland Plateau….,Unknown lab ID
ISGSA-1978,4050.0,20.0,SEEDS,nutshell carbonized,,AMS,-86.09199506,35.15518425,1.0,,40FR276,Michaels Shelter,USA,Tennessee,North America,UWyo2021,Carmody 2014-From Foraging to Food Production on the Souther Cumberland Plateau….,Unknown lab ID
ISGSA-1979,7670.0,30.0,SEEDS,nutshell carbonized,,AMS,-86.09199506,35.15518425,1.0,,40FR276,Michaels Shelter,USA,Tennessee,North America,UWyo2021,Carmody 2014-From Foraging to Food Production on the Souther Cumberland Plateau….,Unknown lab ID
ISGSA-198,1211.0,46.0,POTTERYRESIDUE,,-27.8,AMS,-77.04815909,43.32533601,1.0,,11711.000016/NYSM-1538,Hunter’s Home,USA,New York,North America,UWyo2021,Hart et al. (2003),Unknown lab ID
ISGSA-2007,2760.0,15.0,POTTERYRESIDUE,,,AMS,-77.77534695,42.72818426,1.0,,5106.000005,Scaccia,USA,New York,North America,UWyo2021,Taché and Hart (2013),Unknown lab ID
ISGSA-2009,2445.0,15.0,POTTERYRESIDUE,Charred cooking vessel residue,-24.8,AMS,-71.71598365,42.9153287,1.0,,27HB78,Eddy; NH38-6,USA,New Hampshire,North America,UWyo2021,Taché Karine and John P. Hart. 2013. Chronometric Hygiene of Radiocarbon Databases for Early Durable Cooking Vessel Technologies in Northeastern North America. American Antiquity 78(2): 359–372 with on-line supplement.,Unknown lab ID
ISGSA-2010,2435.0,20.0,POTTERYRESIDUE,Vinette I,-26,AMS,-75.03382389,41.33211196,1.0,,36PI14,Zimmerman,USA,Pennsylvania,North America,UWyo2021,Taché Karine and John P. Hart. 2013; Stewart 2018,Unknown lab ID
ISGSA-2011,2440.0,20.0,POTTERYRESIDUE,Vinette I,-25,AMS,-75.03382389,41.33211196,1.0,,36PI14,Zimmerman,USA,Pennsylvania,North America,UWyo2021,Taché Karine and John P. Hart. 2013; Stewart 2018,Unknown lab ID
ISGSA-2012,2850.0,20.0,POTTERYRESIDUE,Vinette I,-24.7,AMS,-75.03382389,41.33211196,1.0,,36PI14,Zimmerman,USA,Pennsylvania,North America,UWyo2021,Taché Karine and John P. Hart. 2013; Stewart 2018,Unknown lab ID
ISGSA-2049,2245.0,15.0,WOOD,bark,,AMS,-80.66317894,39.86065894,1.0,,46MR7,Cresap Mound,USA,West Virginia,North America,UWyo2021,Tippins et al. 2016:7,Unknown lab ID
ISGSA-2050,2340.0,15.0,CHARCOAL,,,AMS,-80.66317894,39.86065894,1.0,,46MR7,Cresap Mound,USA,West Virginia,North America,UWyo2021,Tippins et al. 2016:7,Unknown lab ID
ISGSA-2107,7080.0,20.0,wood,,,,28.95,41.1,3.0,,,Yenikapı,Turkey,,Asia,Flohretal2016,Whittaker 2016,Unknown lab ID
ISGSA-2115,455.0,20.0,WOOD,,,AMS,-79.08733516,40.65206169,1.0,,36IN2,Johnston,USA,Pennsylvania,North America,UWyo2021,Kaufman 2013-Understanding Site Formation Processes…,Unknown lab ID
ISGSA-2116,420.0,20.0,SEEDS,Zea mays,,AMS,-79.08733516,40.65206169,1.0,,36IN2,Johnston,USA,Pennsylvania,North America,UWyo2021,Kaufman 2013-Understanding Site Formation Processes…,Unknown lab ID
ISGSA-2177,2255.0,15.0,CHARCOAL,,,AMS,-80.66317894,39.86065894,1.0,,46MR7,Cresap Mound,USA,West Virginia,North America,UWyo2021,Tippins et al. 2016:7,Unknown lab ID
ISGSA-2178,1630.0,20.0,CHARCOAL,,,AMS,-80.24789720000001,40.18929963,1.0,,36WH29,Mathies Mine Mound,USA,Pennsylvania,North America,UWyo2021,Tanner et al 2012,Unknown lab ID
ISGSA-2233,6165.0,25.0,CHARCOAL,,-25.9,AMS,-93.57373777,41.68569055,1.0,,13PK966,The Palace Site,USA,Iowa,North America,UWyo2021,Whittaker 2016,Unknown lab ID
ISGSA-2234,6175.0,25.0,UNKNOWN,,-23.9,AMS,-93.57373777,41.68569055,1.0,,13PK966,The Palace Site,USA,Iowa,North America,UWyo2021,Whittaker 2016,Unknown lab ID
ISGSA-2237,995.0,20.0,SEEDS,Zea mays cupule,-9.9,AMS,-91.18860042,39.98790561,1.0,,11A162,Kuhlman Habitation,USA,Illinois,North America,UWyo2021,Simon 2014-Reevaluating the Introduction of Maize into the American Bottom,Unknown lab ID
ISGSA-2238,285.0,20.0,SEEDS,Zea mays cupule,-10.5,AMS,-91.18860042,39.98790561,1.0,,11A1000,Buffalo,USA,Illinois,North America,UWyo2021,Simon 2014-Reevaluating the Introduction of Maize into the American Bottom,Unknown lab ID
ISGSA-2239,4955.0,120.0,SEEDS,Zea mays Kernel,-13.9,AMS,-91.18860042,39.98790561,1.0,,11A835,Deer Track,USA,Illinois,North America,UWyo2021,Simon 2014-Reevaluating the Introduction of Maize into the American Bottom,Unknown lab ID
ISGSA-2241,1055.0,20.0,SEEDS,Zea mays Kernel,-8.9,AMS,-90.88633619,39.62259435,1.0,,11PK1255,Tickless,USA,Illinois,North America,UWyo2021,Simon 2014-Reevaluating the Introduction of Maize into the American Bottom,Unknown lab ID
ISGSA-2242,1315.0,20.0,SEEDS,Zea mays Kernel,-10.1,AMS,-91.16482133,40.40367312,1.0,,11HA756,Edgar Hoener,USA,Illinois,North America,UWyo2021,Simon 2014-Reevaluating the Introduction of Maize into the American Bottom,Unknown lab ID
ISGSA-225,1470.0,43.0,POTTERYRESIDUE,,-26.4,AMS,-76.82364771,42.78107594,1.0,,9908.000003,Kipp Island,USA,New York,North America,UWyo2021,Hart et al. (2003),Unknown lab ID
ISGSA-226,1461.0,43.0,POTTERYRESIDUE,,-26.5,AMS,-76.82364771,42.78107594,1.0,,9908.000003,Kipp Island,USA,New York,North America,UWyo2021,Hart et al. (2003),Unknown lab ID
ISGSA-227,1428.0,41.0,POTTERYRESIDUE,,-27,AMS,-76.82364771,42.78107594,1.0,,9908.000003,Kipp Island,USA,New York,North America,UWyo2021,Hart et al. (2003),Unknown lab ID
ISGSA-2272,1000.0,20.0,POTTERYRESIDUE,,,AMS,-88.77588131,43.02091354,1.0,,47JE379,Koshkonong Creek  Village,USA,Wisconsin,North America,UWyo2021,Wilson 2016-Late Prehistoric Lithic Economies in the Prairie Peninsula,Unknown lab ID
ISGSA-2273,1490.0,20.0,SEEDS,Zea mays cupule,,AMS,-90.88633619,39.62259435,1.0,,11PK477,Ellege,USA,Illinois,North America,UWyo2021,Simon 2014-Reevaluating the Introduction of Maize into the American Bottom,Unknown lab ID
ISGSA-228,1260.0,39.0,POTTERYRESIDUE,,-26.1,AMS,-76.82364771,42.78107594,1.0,,9908.000003,Kipp Island,USA,New York,North America,UWyo2021,Hart et al. (2003),Unknown lab ID
ISGSA-229,1043.0,40.0,POTTERYRESIDUE,,-26.1,AMS,-75.03249938,42.63378083,1.0,,NYSM-1,Street,USA,New York,North America,UWyo2021,Hart and Brumbach (2005),Unknown lab ID
ISGSA-2320,605.0,20.0,POTTERYRESIDUE,,,AMS,-88.77588131,43.02091354,1.0,,47JE379,Koshkonong Creek  Village,USA,Wisconsin,North America,UWyo2021,Wilson 2016-Late Prehistoric Lithic Economies in the Prairie Peninsula,Unknown lab ID
ISGSA-235,781.0,42.0,POTTERYRESIDUE,,-18.1,AMS,-76.3061442,42.1705121,1.0,,10705.00003,Haner,USA,New York,North America,UWyo2021,Hartgen Assoc Pers com 2020,Unknown lab ID
ISGSA-2377,950.0,15.0,CHARCOAL,monocot stems,-25.3,AMS,-89.92837404,38.47043082,1.0,,11S706,East St. Louis Mound Complex,USA,Illinois,North America,UWyo2021,Brennan Boles Hedman Kolb Nash 2016,Unknown lab ID
ISGSA-2378,950.0,15.0,CHARCOAL,monocot stems,-10.7,AMS,-89.92837404,38.47043082,1.0,,11S706,East St. Louis Mound Complex,USA,Illinois,North America,UWyo2021,Brennan Boles Hedman Kolb Nash 2016,Unknown lab ID
ISGSA-2379,965.0,20.0,CHARCOAL,monocot stems,-9.6,AMS,-89.92837404,38.47043082,1.0,,11S706,East St. Louis Mound Complex,USA,Illinois,North America,UWyo2021,Brennan Boles Hedman Kolb Nash 2016,Unknown lab ID
ISGSA-2380,745.0,15.0,SEEDS,hickory nutshell burned,-23.6,AMS,-90.47231186,37.81040808,1.0,,23SG100,Common Field,USA,Missouri,North America,UWyo2021,Buchanan Meghan E. (2015) Warfare and the Materialization of Daily Life at the Mississippian Common Field Site. Unpublished Ph.D. dissertation. Department of Anthropology Indiana University.,Unknown lab ID
ISGSA-2381,705.0,20.0,SEEDS,Zea mays charred,-8.1,AMS,-90.47231186,37.81040808,1.0,,23SG100,Common Field,USA,Missouri,North America,UWyo2021,Buchanan Meghan E. (2015) Warfare and the Materialization of Daily Life at the Mississippian Common Field Site. Unpublished Ph.D. dissertation. Department of Anthropology Indiana University.,Unknown lab ID
ISGSA-2382,675.0,15.0,SEEDS,nutshell charred,-25.7,AMS,-90.47231186,37.81040808,1.0,,23SG100,Common Field,USA,Missouri,North America,UWyo2021,Buchanan Meghan E. (2015) Warfare and the Materialization of Daily Life at the Mississippian Common Field Site. Unpublished Ph.D. dissertation. Department of Anthropology Indiana University.,Unknown lab ID
ISGSA-2387,1030.0,20.0,WOOD,burned wood post,-26.1,AMS,-89.90517719,38.82984438,1.0,,11MS34,Cahokia Mounds,USA,Illinois,North America,UWyo2021,Baires 2014-Cahokia's Origins…,Unknown lab ID
ISGSA-2388,1040.0,20.0,WOOD,burned wood post,-16.5,AMS,-89.90517719,38.82984438,1.0,,11MS34,Cahokia Mounds,USA,Illinois,North America,UWyo2021,Baires 2014-Cahokia's Origins…,Unknown lab ID
ISGSA-2389,1000.0,20.0,WOOD,burned wood post,-25.5,AMS,-89.90517719,38.82984438,1.0,,11MS34,Cahokia Mounds,USA,Illinois,North America,UWyo2021,Baires 2014-Cahokia's Origins…,Unknown lab ID
ISGSA-2390,975.0,20.0,WOOD,burned wood post,-15.6,AMS,-89.90517719,38.82984438,1.0,,11MS34,Cahokia Mounds,USA,Illinois,North America,UWyo2021,Baires 2014-Cahokia's Origins…,Unknown lab ID
ISGSA-2391,1280.0,20.0,SHELL,marine,0.86,AMS,-89.90517719,38.82984438,1.0,,11MS34,Cahokia Mounds,USA,Illinois,North America,UWyo2021,Baires 2014-Cahokia's Origins…,Unknown lab ID
ISGSA-2403,880.0,20.0,CHARCOAL,,-26.5,AMS,-91.35860143,44.3040374,1.0,,47TR32,Little Bluff,USA,Wisconsin,North America,UWyo2021,Pauketat et al 2015 Trempealeau Entanglements…,Unknown lab ID
ISGSA-2404,910.0,20.0,CHARCOAL,Quercus sp,-26.4,AMS,-91.35860143,44.3040374,1.0,,47TR32,Little Bluff,USA,Wisconsin,North America,UWyo2021,Pauketat et al 2015 Trempealeau Entanglements…,Unknown lab ID
ISGSA-2405,915.0,20.0,SEEDS,chenopod charred,-25.6,AMS,-91.35860143,44.3040374,1.0,,47TR32,Little Bluff,USA,Wisconsin,North America,UWyo2021,Pauketat et al 2015 Trempealeau Entanglements…,Unknown lab ID
ISGSA-2406,940.0,20.0,CHARCOAL,,-25.5,AMS,-91.35860143,44.3040374,1.0,,47TR415,Pelkep,USA,Wisconsin,North America,UWyo2021,Pauketat et al 2015 Trempealeau Entanglements…,Unknown lab ID
ISGSA-2407,925.0,20.0,SEEDS,nutshell,-24.8,AMS,-91.35860143,44.3040374,1.0,,47TR415,Pelkey,USA,Wisconsin,North America,UWyo2021,Pauketat et al 2015 Trempealeau Entanglements…,Unknown lab ID
ISGSA-2408,920.0,20.0,CHARCOAL,Quercus sp,-26.9,AMS,-91.35860143,44.3040374,1.0,,47TR159,Uhl,USA,Wisconsin,North America,UWyo2021,Pauketat et al 2015 Trempealeau Entanglements…,Unknown lab ID
ISGSA-2409,955.0,20.0,CHARCOAL,Quercus sp,-26.3,AMS,-91.35860143,44.3040374,1.0,,47TR156,Squier Garden,USA,Wisconsin,North America,UWyo2021,Pauketat et al 2015 Trempealeau Entanglements…,Unknown lab ID
ISGSA-2410,955.0,20.0,CHARCOAL,birch,-25.8,AMS,-90.83448952,43.5939165,1.0,,47VE825,Fisher Mounds,USA,Wisconsin,North America,UWyo2021,Arzigian 2015,Unknown lab ID
ISGSA-2411,630.0,20.0,SEEDS,P. vulgaris,,,,,0.0,,,GSC#1,USA,Illinois,North America,UWyo2021,Monaghan et al-The age and distribution of domesticated beans in…,Unknown lab ID
ISGSA-2412,620.0,20.0,SEEDS,P. vulgaris,,,-89.92837404,38.47043082,1.0,,11S1232,Janey B. Goode,USA,Illinois,North America,UWyo2021,Monaghan et al-The age and distribution of domesticated beans in…,Unknown lab ID
ISGSA-2414,5490.0,20.0,BONE,,-14.1,AMS,-96.17801601,43.08270338,1.0,,13SX126,,USA,Iowa,North America,UWyo2021,Hong Wang with ISGS 2013,Unknown lab ID
ISGSA-2415,3670.0,20.0,BONE,,-17.1,AMS,-96.17801601,43.08270338,1.0,,13SX126,,USA,Iowa,North America,UWyo2021,Hong Wang with ISGS 2013,Unknown lab ID
ISGSA-2427,900.0,20.0,CHARCOAL,,-24.9,AMS,-89.90517719,38.82984438,1.0,,11MS34,Cahokia Mounds,USA,Illinois,North America,UWyo2021,Baires 2014-Cahokia's Origins…,Unknown lab ID
ISGSA-2515,640.0,15.0,POTTERYRESIDUE,,-22.5,AMS,-76.19456258,43.00587369,1.0,,NYSM-618/Cza002,Cemetery,USA,New York,North America,UWyo2021,not published,Unknown lab ID
ISGSA-2522,570.0,15.0,POTTERYRESIDUE,,-28,AMS,-75.66961061,42.91267136,1.0,,5310.000006,Buyea,USA,New York,North America,UWyo2021,not published,Unknown lab ID
ISGSA-2531,995.0,20.0,SEEDS,Charred Zea mays kernel,-9.8,AMS,-89.92837404,38.47043082,1.0,,11S706,East St. Louis Mound Complex,USA,Illinois,North America,UWyo2021,Brennan Boles Hedman Kolb Nash 2016,Unknown lab ID
ISGSA-2636,930.0,15.0,SEEDS,Zea mays kernel,,AMS,-88.77588131,43.02091354,1.0,,47JE1,Aztalan,USA,Wisconsin,North America,UWyo2021,Picard 2013-Northern Flint Southern Roots….,Unknown lab ID
ISGSA-2695,660.0,20.0,POTTERYRESIDUE,,,AMS,-89.04482403,43.8003813,1.0,,47GL65,Walker-Hooper,USA,Wisconsin,North America,UWyo2021,Schneider 2015-Oneota Ceramic Production and Exchange….,Unknown lab ID
ISGSA-27,10228.0,70.0,CHARCOAL,,,AMS,-93.24046742,42.38395436,1.0,,13HA385,Allen Fan,USA,Iowa,North America,UWyo2021,Fishel et al. 2003,Unknown lab ID
ISGSA-2714,1070.0,20.0,SEEDS,Zea mays cupule,-9.3,AMS,-89.90517719,38.82984438,1.0,,11MS118,Holding,USA,Illinois,North America,UWyo2021,Ancient Maize Database,Unknown lab ID
ISGSA-2715,940.0,15.0,SEEDS,Zea mays kernel,-9.1,AMS,-89.90517719,38.82984438,1.0,,11MS118,Holding,USA,Illinois,North America,UWyo2021,Ancient Maize Database,Unknown lab ID
ISGSA-2716,950.0,15.0,SEEDS,Zea mays kernel,-8.9,AMS,-89.90517719,38.82984438,1.0,,11MS118,Holding,USA,Illinois,North America,UWyo2021,Ancient Maize Database,Unknown lab ID
ISGSA-2776,410.0,20.0,SEEDS,Zea mays,,AMS,-79.46682604,40.31064472,1.0,,36WM35,Squirrel Hill,USA,Pennsylvania,North America,UWyo2021,DeHaven 2014,Unknown lab ID
ISGSA-2777,495.0,25.0,SEEDS,acorn,,AMS,-79.46682604,40.31064472,1.0,,36WM35,Squirrel Hill,USA,Pennsylvania,North America,UWyo2021,DeHaven 2014,Unknown lab ID
ISGSA-28,6959.0,70.0,CHARCOAL,,,AMS,-93.24046742,42.38395436,1.0,,13HA385,Allen Fan,USA,Iowa,North America,UWyo2021,Fishel et al. 2003,Unknown lab ID
ISGSA-2808,3920.0,30.0,CHARCOAL,,-23.9,AMS,-95.00486354,45.15237647,1.0,,21KH93,Levin,USA,Minnesota,North America,UWyo2021,Minnesota state database,Unknown lab ID
ISGSA-2809,3935.0,30.0,CHARCOAL,,-22.2,AMS,-95.00486354,45.15237647,1.0,,21KH93,Levin,USA,Minnesota,North America,UWyo2021,Minnesota state database,Unknown lab ID
ISGSA-2840,490.0,15.0,SEEDS,bean,-25.9,AMS,-87.64615466,41.89556793,1.0,,11CK4,Hoxie Farm site,USA,Illinois,North America,UWyo2021,Jackson 2017-The Hoxie Farm Site Main Occupation Area,Unknown lab ID
ISGSA-286,2286.0,48.0,SEEDS,Wild Rice,-29.7,AMS,-74.44204867,42.588309100000004,1.0,,9501.000084,Parslow Field,USA,New York,North America,UWyo2021,Hart et al. 2003,Unknown lab ID
ISGSA-2877,395.0,25.0,SEEDS,Zea mays,,AMS,-79.08733516,40.65206169,1.0,,36IN2,Johnston,USA,Pennsylvania,North America,UWyo2021,Carr et al. 2020 Arch of Nat Amer in Penn.,Unknown lab ID
ISGSA-2878,405.0,25.0,SEEDS,Zea mays,,AMS,-79.08733516,40.65206169,1.0,,36IN2,Johnston,USA,Pennsylvania,North America,UWyo2021,Carr et al. 2020 Arch of Nat Amer in Penn.,Unknown lab ID
ISGSA-2879,375.0,25.0,UNKNOWN,,,AMS,-79.23584809,41.51325914,1.0,,36FO65,Indian Camp Run 1,USA,Pennsylvania,North America,UWyo2021,Carr et al. 2020 Arch of Nat Amer in Penn.,Unknown lab ID
ISGSA-29,1055.0,50.0,CHARCOAL,,-25.4,AMS,-90.39047351,39.35630879,1.0,,11GE20,Audrey,USA,Illinois,North America,UWyo2021,Delaney-Rivera 2004,Unknown lab ID
ISGSA-2941,2415.0,20.0,SEEDS,nutshell,-24.7,AMS,-90.67801166,40.45619861,1.0,,11MD1208,Merciless Ridge,USA,Illinois,North America,UWyo2021,Nolan Mallo and Boyd 2016; Illinois Archaeology vol. 28 pp. 257-290,Unknown lab ID
ISGSA-2942,2435.0,20.0,SEEDS,nutshell,-23.3,AMS,-90.67801166,40.45619861,1.0,,11MD1208,Merciless Ridge,USA,Illinois,North America,UWyo2021,Nolan Mallo and Boyd 2016; Illinois Archaeology vol. 28 pp. 257-290,Unknown lab ID
ISGSA-2943,2405.0,20.0,SEEDS,Hickory nutshell,-24.5,AMS,-90.67801166,40.45619861,1.0,,11MD1208,Merciless Ridge,USA,Illinois,North America,UWyo2021,Nolan Mallo and Boyd 2016; Illinois Archaeology vol. 28 pp. 257-290,Unknown lab ID
ISGSA-2944,2900.0,20.0,SEEDS,nutshell,-27.9,AMS,-90.67801166,40.45619861,1.0,,11MD984,John Gage,USA,Illinois,North America,UWyo2021,Nolan Mallo and Boyd 2016; Illinois Archaeology vol. 28 pp. 257-290,Unknown lab ID
ISGSA-3104,9175.0,30.0,UNKNOWN,,,AMS,-79.46428687,40.81215693,1.0,,36AR559,Brick House,USA,Pennsylvania,North America,UWyo2021,Carr et al. 2020 Arch of Nat Amer in Penn.,Unknown lab ID
ISGSA-3105,2465.0,20.0,SEEDS,Hickory nutshell,-25.7,AMS,-90.67801166,40.45619861,1.0,,11MD1208,Merciless Ridge,USA,Illinois,North America,UWyo2021,Nolan Mallo and Boyd 2016; Illinois Archaeology vol. 28 pp. 257-290,Unknown lab ID
ISGSA-3106,2930.0,20.0,SEEDS,nutshell,-25,AMS,-90.67801166,40.45619861,1.0,,11MD984,John Gage,USA,Illinois,North America,UWyo2021,Nolan Mallo and Boyd 2016; Illinois Archaeology vol. 28 pp. 257-290,Unknown lab ID
ISGSA-3132,760.0,20.0,WOOD,Juglandaceae,-25.1,AMS,-95.62138127,41.033474299999995,1.0,,13ML176,Wall Ridge,USA,Iowa,North America,UWyo2021,Tiffany and Lensink 2014,Unknown lab ID
ISGSA-3133,645.0,15.0,SEEDS,Zea mays,-9.9,AMS,-95.62138127,41.033474299999995,1.0,,13ML176,Wall Ridge,USA,Iowa,North America,UWyo2021,Tiffany and Lensink 2014,Unknown lab ID
ISGSA-3181,720.0,15.0,POTTERYRESIDUE,,-22.9,AMS,-95.62138127,41.033474299999995,1.0,,13ML176,Wall Ridge,USA,Iowa,North America,UWyo2021,Tiffany and Lensink 2014,Unknown lab ID
ISGSA-3206,2945.0,20.0,SEEDS,hickory nutshell,-25,AMS,-90.67801166,40.45619861,1.0,,11MD1231,Shybull Terrace,USA,Illinois,North America,UWyo2021,Fishel et al. 2018,Unknown lab ID
ISGSA-3207,2990.0,20.0,SEEDS,hickory nutshell,-25.9,AMS,-90.67801166,40.45619861,1.0,,11MD1231,Shybull Terrace,USA,Illinois,North America,UWyo2021,Fishel et al. 2018,Unknown lab ID
ISGSA-3208,2960.0,20.0,SEEDS,hickory nutshell,-25.1,AMS,-90.67801166,40.45619861,1.0,,11MD1231,Shybull Terrace,USA,Illinois,North America,UWyo2021,Fishel et al. 2018,Unknown lab ID
ISGSA-3209,2970.0,20.0,SEEDS,hickory nutshell,-24,AMS,-90.67801166,40.45619861,1.0,,11MD1231,Shybull Terrace,USA,Illinois,North America,UWyo2021,Fishel et al. 2018,Unknown lab ID
ISGSA-3234,5035.0,25.0,CHARCOAL,,-24.9,AMS,-107.68301000000001,43.90503946,1.0,,48WA2408,Al-Blm-S2,USA,Wyoming,North America,UWyo2021,WY SHPO 14C Database,Unknown lab ID
ISGSA-3235,4375.0,20.0,CHARCOAL,,-22.8,AMS,-107.68301000000001,43.90503946,1.0,,48WA2407,,USA,Wyoming,North America,UWyo2021,WY SHPO 14C Database,Unknown lab ID
ISGSA-3236,4450.0,25.0,CHARCOAL,,-24.4,AMS,-107.68301000000001,43.90503946,1.0,,48WA2407,,USA,Wyoming,North America,UWyo2021,WY SHPO 14C Database,Unknown lab ID
ISGSA-3237,5185.0,25.0,CHARCOAL,,-24.7,AMS,-107.68301000000001,43.90503946,1.0,,48WA2408,Al-Blm-S2,USA,Wyoming,North America,UWyo2021,WY SHPO 14C Database,Unknown lab ID
ISGSA-326,317.0,38.0,SEEDS,Zea mays,-9,AMS,-74.42223964,43.11395008,1.0,,03504.000005/NYSM-2233,Klock,USA,New York,North America,UWyo2021,Hart et al. 2003,Unknown lab ID
ISGSA-3269,935.0,15.0,SEEDS,Hickory nutshell,-22.3,AMS,-89.92837404,38.47043082,1.0,,11S1,Emerald,USA,Illinois,North America,UWyo2021,Skousen 2016 Pilgrimage and the construction of Cahokia...,Unknown lab ID
ISGSA-327,691.0,39.0,SEEDS,Zea mays,-9.4,AMS,-74.43954655,42.9023664,1.0,,05710.000008/NYSM-1163,Snell,USA,New York,North America,UWyo2021,Hart et al. 2003,Unknown lab ID
ISGSA-3270,750.0,15.0,SEEDS,Hickory nutshell,-25.3,AMS,-89.92837404,38.47043082,1.0,,11S1,Emerald,USA,Illinois,North America,UWyo2021,Skousen 2016 Pilgrimage and the construction of Cahokia...,Unknown lab ID
ISGSA-3271,960.0,15.0,SEEDS,Hickory nutshell,-24.1,AMS,-89.92837404,38.47043082,1.0,,11S1,Emerald,USA,Illinois,North America,UWyo2021,Skousen 2016 Pilgrimage and the construction of Cahokia...,Unknown lab ID
ISGSA-3272,985.0,20.0,CHARCOAL,elm,-23.9,AMS,-89.92837404,38.47043082,1.0,,11S1,Emerald,USA,Illinois,North America,UWyo2021,Skousen 2016 Pilgrimage and the construction of Cahokia...,Unknown lab ID
ISGSA-3273,970.0,20.0,SEEDS,Zea mays cupule,-9.2,AMS,-89.92837404,38.47043082,1.0,,11S1,Emerald,USA,Illinois,North America,UWyo2021,Skousen 2016 Pilgrimage and the construction of Cahokia...,Unknown lab ID
ISGSA-3274,960.0,20.0,SEEDS,Hickory nutshell,-24.4,AMS,-89.92837404,38.47043082,1.0,,11S1,Emerald,USA,Illinois,North America,UWyo2021,Skousen 2016 Pilgrimage and the construction of Cahokia...,Unknown lab ID
ISGSA-3275,970.0,15.0,CHARCOAL,hickory,-24.3,AMS,-89.92837404,38.47043082,1.0,,11S1,Emerald,USA,Illinois,North America,UWyo2021,Skousen 2016 Pilgrimage and the construction of Cahokia...,Unknown lab ID
ISGSA-328,401.0,38.0,SEEDS,Zea mays,-9.7,AMS,-74.43954655,42.9023664,1.0,,05707.000009/NYSM-1118,Briggs Run,USA,New York,North America,UWyo2021,Hart et al. 2003,Unknown lab ID
ISGSA-3314,790.0,20.0,CHARCOAL,,-25.4,AMS,-95.62138127,41.033474299999995,1.0,,13ML129,Johnson Farm 2,USA,Iowa,North America,UWyo2021,Hong Wang with ISGS 2015,Unknown lab ID
ISGSA-3315,785.0,20.0,CHARCOAL,,-27.5,AMS,-95.62138127,41.033474299999995,1.0,,13ML129,Johnson Farm 2,USA,Iowa,North America,UWyo2021,Hong Wang with ISGS 2015,Unknown lab ID
ISGSA-3353,355.0,20.0,SEEDS,Zea mays charred,-10,AMS,-82.02659093,38.76953377,1.0,,46MS61,Orchard,USA,West Virginia,North America,UWyo2021,Ellis 2015; Spencer 2016,Unknown lab ID
ISGSA-3354,340.0,15.0,SEEDS,Zea mays charred,-10,AMS,-82.02659093,38.76953377,1.0,,46MS61,Orchard,USA,West Virginia,North America,UWyo2021,Ellis 2015; Spencer 2016,Unknown lab ID
ISGSA-3386,640.0,15.0,SEEDS,Zea mays,-8.6,AMS,-95.62138127,41.033474299999995,1.0,,13ML12,House III,USA,Iowa,North America,UWyo2021,Hong Wang with ISGS 2015,Unknown lab ID
ISGSA-3387,655.0,15.0,SEEDS,Zea mays,-10.8,AMS,-95.62138127,41.033474299999995,1.0,,13ML12,House III,USA,Iowa,North America,UWyo2021,Hong Wang with ISGS 2015,Unknown lab ID
ISGSA-3388,625.0,15.0,SEEDS,Zea mays,-27.8,AMS,-95.62138127,41.033474299999995,1.0,,13ML12,House III,USA,Iowa,North America,UWyo2021,Hong Wang with ISGS 2015,Unknown lab ID
ISGSA-3389,700.0,15.0,SEEDS,Zea mays,-8.7,AMS,-95.62138127,41.033474299999995,1.0,,13ML12,House III,USA,Iowa,North America,UWyo2021,Hong Wang with ISGS 2015,Unknown lab ID
ISGSA-3390,695.0,20.0,SEEDS,Zea mays,-9.1,AMS,-95.62138127,41.033474299999995,1.0,,13ML12,House III,USA,Iowa,North America,UWyo2021,Hong Wang with ISGS 2015,Unknown lab ID
ISGSA-3391,705.0,20.0,SEEDS,Zea mays,-9.2,AMS,-95.62138127,41.033474299999995,1.0,,13ML12,House III,USA,Iowa,North America,UWyo2021,Hong Wang with ISGS 2015,Unknown lab ID
ISGSA-3392,825.0,15.0,SEEDS,Zea mays,-25.4,AMS,-95.62138127,41.033474299999995,1.0,,13ML12,House III,USA,Iowa,North America,UWyo2021,Hong Wang with ISGS 2015,Unknown lab ID
ISGSA-3393,830.0,15.0,SEEDS,Zea mays,-9.6,AMS,-95.62138127,41.033474299999995,1.0,,13ML12,House III,USA,Iowa,North America,UWyo2021,Hong Wang with ISGS 2015,Unknown lab ID
ISGSA-3394,795.0,15.0,SEEDS,Nutshell,-25.9,AMS,-95.62138127,41.033474299999995,1.0,,13ML12,House III,USA,Iowa,North America,UWyo2021,Hong Wang with ISGS 2015,Unknown lab ID
ISGSA-3395,790.0,15.0,SEEDS,Bean,-27,AMS,-95.62138127,41.033474299999995,1.0,,13ML12,House III,USA,Iowa,North America,UWyo2021,Hong Wang with ISGS 2015,Unknown lab ID
ISGSA-3396,805.0,15.0,SEEDS,Bean,-26.4,AMS,-95.62138127,41.033474299999995,1.0,,13ML12,House III,USA,Iowa,North America,UWyo2021,Hong Wang with ISGS 2015,Unknown lab ID
ISGSA-3397,820.0,15.0,SEEDS,Zea mays,-10,AMS,-95.62138127,41.033474299999995,1.0,,13ML12,House III,USA,Iowa,North America,UWyo2021,Hong Wang with ISGS 2015,Unknown lab ID
ISGSA-3398,730.0,15.0,SEEDS,Zea mays,-9.3,AMS,-95.62138127,41.033474299999995,1.0,,13ML12,House III,USA,Iowa,North America,UWyo2021,Hong Wang with ISGS 2015,Unknown lab ID
ISGSA-3399,765.0,15.0,SEEDS,Zea mays,-8.6,AMS,-95.62138127,41.033474299999995,1.0,,13ML12,House III,USA,Iowa,North America,UWyo2021,Hong Wang with ISGS 2015,Unknown lab ID
ISGSA-3400,770.0,15.0,SEEDS,Zea mays,-9,AMS,-95.62138127,41.033474299999995,1.0,,13ML12,House III,USA,Iowa,North America,UWyo2021,Hong Wang with ISGS 2015,Unknown lab ID
ISGSA-3401,770.0,15.0,SEEDS,sunflower Seed,-9.3,AMS,-95.62138127,41.033474299999995,1.0,,13ML12,House III,USA,Iowa,North America,UWyo2021,Hong Wang with ISGS 2015,Unknown lab ID
ISGSA-3402,800.0,15.0,SEEDS,Zea mays,-8.6,AMS,-95.62138127,41.033474299999995,1.0,,13ML12,House III,USA,Iowa,North America,UWyo2021,Hong Wang with ISGS 2015,Unknown lab ID
ISGSA-3403,780.0,15.0,SEEDS,Bean,-26.8,AMS,-95.62138127,41.033474299999995,1.0,,13ML12,House III,USA,Iowa,North America,UWyo2021,Hong Wang with ISGS 2015,Unknown lab ID
ISGSA-3404,835.0,15.0,SEEDS,Nutshell,-23.8,AMS,-95.62138127,41.033474299999995,1.0,,13ML12,House III,USA,Iowa,North America,UWyo2021,Hong Wang with ISGS 2015,Unknown lab ID
ISGSA-3405,810.0,15.0,SEEDS,Zea mays,-7.9,AMS,-95.62138127,41.033474299999995,1.0,,13ML12,House III,USA,Iowa,North America,UWyo2021,Hong Wang with ISGS 2015,Unknown lab ID
ISGSA-3406,805.0,15.0,SEEDS,Bean,-23.6,AMS,-95.62138127,41.033474299999995,1.0,,13ML12,House III,USA,Iowa,North America,UWyo2021,Hong Wang with ISGS 2015,Unknown lab ID
ISGSA-3407,820.0,15.0,SEEDS,Zea mays,-9.5,AMS,-95.62138127,41.033474299999995,1.0,,13ML12,House III,USA,Iowa,North America,UWyo2021,Hong Wang with ISGS 2015,Unknown lab ID
ISGSA-3408,780.0,15.0,SEEDS,Zea mays,-10.5,AMS,-95.62138127,41.033474299999995,1.0,,13ML12,House III,USA,Iowa,North America,UWyo2021,Hong Wang with ISGS 2015,Unknown lab ID
ISGSA-3409,790.0,15.0,SEEDS,Zea mays,-10.3,AMS,-95.62138127,41.033474299999995,1.0,,13ML12,House III,USA,Iowa,North America,UWyo2021,Hong Wang with ISGS 2015,Unknown lab ID
ISGSA-3410,870.0,15.0,CHARCOAL,,-25.5,AMS,-95.62138127,41.033474299999995,1.0,,13ML12,House III,USA,Iowa,North America,UWyo2021,Hong Wang with ISGS 2015,Unknown lab ID
ISGSA-3411,800.0,15.0,CHARCOAL,,-27.6,AMS,-95.62138127,41.033474299999995,1.0,,13ML12,House III,USA,Iowa,North America,UWyo2021,Hong Wang with ISGS 2015,Unknown lab ID
ISGSA-3412,780.0,15.0,SEEDS,Zea mays,-8.3,AMS,-95.62138127,41.033474299999995,1.0,,13ML12,House III,USA,Iowa,North America,UWyo2021,Hong Wang with ISGS 2015,Unknown lab ID
ISGSA-3413,710.0,15.0,SEEDS,Zea mays,-8.9,AMS,-95.62138127,41.033474299999995,1.0,,13ML12,House III,USA,Iowa,North America,UWyo2021,Hong Wang with ISGS 2015,Unknown lab ID
ISGSA-3414,705.0,15.0,SEEDS,Zea mays,-9.1,AMS,-95.62138127,41.033474299999995,1.0,,13ML12,House III,USA,Iowa,North America,UWyo2021,Hong Wang with ISGS 2015,Unknown lab ID
ISGSA-3415,710.0,15.0,SEEDS,Zea mays,-9,AMS,-95.62138127,41.033474299999995,1.0,,13ML12,House III,USA,Iowa,North America,UWyo2021,Hong Wang with ISGS 2015,Unknown lab ID
ISGSA-3416,680.0,15.0,SEEDS,Zea mays,-25.3,AMS,-95.62138127,41.033474299999995,1.0,,13ML12,House III,USA,Iowa,North America,UWyo2021,Hong Wang with ISGS 2015,Unknown lab ID
ISGSA-3428,680.0,15.0,SEEDS,Zea mays,-10,AMS,-95.62138127,41.033474299999995,1.0,,13ML126,Kuhl 1,USA,Iowa,North America,UWyo2021,Hong Wang with ISGS 2015,Unknown lab ID
ISGSA-3434,695.0,15.0,SEEDS,Zea mays,-8.5,AMS,-95.62138127,41.033474299999995,1.0,,13ML126,Kuhl 1,USA,Iowa,North America,UWyo2021,Hong Wang with ISGS 2015,Unknown lab ID
ISGSA-3435,665.0,15.0,SEEDS,Zea mays,-9,AMS,-95.62138127,41.033474299999995,1.0,,13ML126,Kuhl 1,USA,Iowa,North America,UWyo2021,Hong Wang with ISGS 2015,Unknown lab ID
ISGSA-3436,690.0,15.0,CHARCOAL,,-25.6,AMS,-95.62138127,41.033474299999995,1.0,,13ML126,Kuhl 1,USA,Iowa,North America,UWyo2021,Hong Wang with ISGS 2015,Unknown lab ID
ISGSA-3439,3845.0,15.0,CHARCOAL,,-25.1,AMS,-95.62138127,41.033474299999995,1.0,,13ML126,Kuhl 1,USA,Iowa,North America,UWyo2021,Hong Wang with ISGS 2015,Unknown lab ID
ISGSA-3440,840.0,15.0,CHARCOAL,,-26.9,AMS,-95.62138127,41.033474299999995,1.0,,13ML126,Kuhl 1,USA,Iowa,North America,UWyo2021,Hong Wang with ISGS 2015,Unknown lab ID
ISGSA-3441,800.0,15.0,CHARCOAL,,-26.3,AMS,-95.62138127,41.033474299999995,1.0,,13ML126,Kuhl 1,USA,Iowa,North America,UWyo2021,Hong Wang with ISGS 2015,Unknown lab ID
ISGSA-3442,780.0,15.0,CHARCOAL,,-27.2,AMS,-95.62138127,41.033474299999995,1.0,,13ML126,Kuhl 1,USA,Iowa,North America,UWyo2021,Hong Wang with ISGS 2015,Unknown lab ID
ISGSA-3443,795.0,15.0,CHARCOAL,,,AMS,-95.62138127,41.033474299999995,1.0,,13ML126,Kuhl 1,USA,Iowa,North America,UWyo2021,Hong Wang with ISGS 2015,Unknown lab ID
ISGSA-3444,840.0,15.0,CHARCOAL,,-23.3,AMS,-95.62138127,41.033474299999995,1.0,,13ML126,Kuhl 1,USA,Iowa,North America,UWyo2021,Hong Wang with ISGS 2015,Unknown lab ID
ISGSA-3445,800.0,15.0,CHARCOAL,,-25.1,AMS,-95.62138127,41.033474299999995,1.0,,13ML126,Kuhl 1,USA,Iowa,North America,UWyo2021,Hong Wang with ISGS 2015,Unknown lab ID
ISGSA-3446,800.0,15.0,CHARCOAL,,,AMS,-95.62138127,41.033474299999995,1.0,,13ML126,Kuhl 1,USA,Iowa,North America,UWyo2021,Hong Wang with ISGS 2015,Unknown lab ID
ISGSA-3447,835.0,15.0,CHARCOAL,,-24.6,AMS,-95.62138127,41.033474299999995,1.0,,13ML126,Kuhl 1,USA,Iowa,North America,UWyo2021,Hong Wang with ISGS 2015,Unknown lab ID
ISGSA-3448,1370.0,15.0,CHARCOAL,,-23.3,AMS,-95.62138127,41.033474299999995,1.0,,13ML126,Kuhl 1,USA,Iowa,North America,UWyo2021,Hong Wang with ISGS 2015,Unknown lab ID
ISGSA-3449,900.0,15.0,SEEDS,Zea mays,-29.1,AMS,-95.62138127,41.033474299999995,1.0,,13ML126,Kuhl 1,USA,Iowa,North America,UWyo2021,Hong Wang with ISGS 2015,Unknown lab ID
ISGSA-346,870.0,30.0,CHARCOAL,,-24.4,AMS,-99.89808372,38.08756236,1.0,,14HO308,Horsethief,USA,Kansas,North America,UWyo2021,Lopinot et al. 2010,Unknown lab ID
ISGSA-347,885.0,25.0,CHARCOAL,,-26.1,AMS,-99.89808372,38.08756236,1.0,,14HO308,Horsethief,USA,Kansas,North America,UWyo2021,Lopinot et al. 2010,Unknown lab ID
ISGSA-3526,1015.0,20.0,BONE,Canis,-19.3,AMS,-89.92837404,38.47043082,1.0,,11S1232,Janey B. Goode,USA,Illinois,North America,UWyo2021,Emerson et al 2020 Isotopic confirmation of the timing…,Unknown lab ID
ISGSA-3527,1300.0,20.0,BONE,Canis,-20.3,AMS,-89.92837404,38.47043082,1.0,,11S1232,Janey B. Goode,USA,Illinois,North America,UWyo2021,Emerson et al 2020 Isotopic confirmation of the timing…,Unknown lab ID
ISGSA-3528,1235.0,25.0,BONE,Canis,-20.2,AMS,-89.92837404,38.47043082,1.0,,11S1232,Janey B. Goode,USA,Illinois,North America,UWyo2021,Emerson et al 2020 Isotopic confirmation of the timing…,Unknown lab ID
ISGSA-3529,1280.0,20.0,BONE,Canis,-20.6,AMS,-89.92837404,38.47043082,1.0,,11S1232,Janey B. Goode,USA,Illinois,North America,UWyo2021,Emerson et al 2020 Isotopic confirmation of the timing…,Unknown lab ID
ISGSA-3530,1020.0,25.0,BONE,Canis,-11.8,AMS,-89.92837404,38.47043082,1.0,,11S1232,Janey B. Goode,USA,Illinois,North America,UWyo2021,Emerson et al 2020 Isotopic confirmation of the timing…,Unknown lab ID
ISGSA-3531,995.0,25.0,BONE,Canis,-11.2,AMS,-89.92837404,38.47043082,1.0,,11S1232,Janey B. Goode,USA,Illinois,North America,UWyo2021,Emerson et al 2020 Isotopic confirmation of the timing…,Unknown lab ID
ISGSA-3555,420.0,15.0,TEXTILE,Weft element from small basket bowl,,AMS,-80.66317894,39.86065894,1.0,,46MR7,Cresap Mound,USA,West Virginia,North America,UWyo2021,Tippins et al. 2016:7,Unknown lab ID
ISGSA-3556,2240.0,15.0,CHARCOAL,,,AMS,-80.66317894,39.86065894,1.0,,46MR7,Cresap Mound,USA,West Virginia,North America,UWyo2021,Tippins et al. 2016:7,Unknown lab ID
ISGSA-3557,2240.0,15.0,BONE,deer scapula fragment,,AMS,-80.66317894,39.86065894,1.0,,46MR7,Cresap Mound,USA,West Virginia,North America,UWyo2021,Tippins et al. 2016:7,Unknown lab ID
ISGSA-3571,2575.0,15.0,SEEDS,nut shell,,AMS,-85.88480251,37.30014176,1.0,,15HT4,Salts Cave,USA,Kentucky,North America,UWyo2021,Carlson 2019-Middle to Late Holocene Archaeological Site Formation Processes at Crumps Sink…,Unknown lab ID
ISGSA-3574,1095.0,15.0,BONE,Canis,-12.8,AMS,-89.92837404,38.47043082,1.0,,11S1232,Janey B. Goode,USA,Illinois,North America,UWyo2021,Emerson et al 2020 Isotopic confirmation of the timing…,Unknown lab ID
ISGSA-3575,1045.0,15.0,BONE,Canis,-16.8,AMS,-89.92837404,38.47043082,1.0,,11S1232,Janey B. Goode,USA,Illinois,North America,UWyo2021,Emerson et al 2020 Isotopic confirmation of the timing…,Unknown lab ID
ISGSA-3616,200.0,20.0,WOOD,cedar,-24.4,AMS,-89.92837404,38.47043082,1.0,,11S1,Emerald,USA,Illinois,North America,UWyo2021,Skousen 2016 Pilgrimage and the construction of Cahokia...,Unknown lab ID
ISGSA-3617,105.0,15.0,WOOD,cedar,-27.1,AMS,-89.92837404,38.47043082,1.0,,11S1,Emerald,USA,Illinois,North America,UWyo2021,Skousen 2016 Pilgrimage and the construction of Cahokia...,Unknown lab ID
ISGSA-3618,760.0,20.0,SEEDS,Zea mays,-8.8,AMS,-95.62138127,41.033474299999995,1.0,,13ML130,Johnson Farm 3,USA,Iowa,North America,UWyo2021,Hong Wang with ISGS 2015,Unknown lab ID
ISGSA-3619,785.0,20.0,SEEDS,Zea mays,-8.6,AMS,-95.62138127,41.033474299999995,1.0,,13ML130,Johnson Farm 3,USA,Iowa,North America,UWyo2021,Hong Wang with ISGS 2015,Unknown lab ID
ISGSA-3620,745.0,20.0,SEEDS,Zea mays,-8.9,AMS,-95.62138127,41.033474299999995,1.0,,13ML130,Johnson Farm 3,USA,Iowa,North America,UWyo2021,Hong Wang with ISGS 2015,Unknown lab ID
ISGSA-3621,805.0,20.0,SEEDS,Zea mays,-8.6,AMS,-95.62138127,41.033474299999995,1.0,,13ML130,Johnson Farm 3,USA,Iowa,North America,UWyo2021,Hong Wang with ISGS 2015,Unknown lab ID
ISGSA-3622,810.0,20.0,SEEDS,Zea mays,-8.4,AMS,-95.62138127,41.033474299999995,1.0,,13ML130,Johnson Farm 3,USA,Iowa,North America,UWyo2021,Hong Wang with ISGS 2015,Unknown lab ID
ISGSA-3623,800.0,20.0,SEEDS,Zea mays,-7.7,AMS,-95.62138127,41.033474299999995,1.0,,13ML130,Johnson Farm 3,USA,Iowa,North America,UWyo2021,Hong Wang with ISGS 2015,Unknown lab ID
ISGSA-3624,830.0,20.0,SEEDS,Bean,-25.4,AMS,-95.62138127,41.033474299999995,1.0,,13ML130,Johnson Farm 3,USA,Iowa,North America,UWyo2021,Hong Wang with ISGS 2015,Unknown lab ID
ISGSA-3625,800.0,20.0,SEEDS,Zea mays,-8.3,AMS,-95.62138127,41.033474299999995,1.0,,13ML130,Johnson Farm 3,USA,Iowa,North America,UWyo2021,Hong Wang with ISGS 2015,Unknown lab ID
ISGSA-3626,765.0,15.0,SEEDS,S. Seed,-25.6,AMS,-95.62138127,41.033474299999995,1.0,,13ML130,Johnson Farm 3,USA,Iowa,North America,UWyo2021,Hong Wang with ISGS 2015,Unknown lab ID
ISGSA-3627,645.0,20.0,SEEDS,Zea mays,-10.7,AMS,-95.62138127,41.033474299999995,1.0,,13ML130,Johnson Farm 3,USA,Iowa,North America,UWyo2021,Hong Wang with ISGS 2015,Unknown lab ID
ISGSA-3628,580.0,20.0,SEEDS,Bean,-24.2,AMS,-95.62138127,41.033474299999995,1.0,,13ML130,Johnson Farm 3,USA,Iowa,North America,UWyo2021,Hong Wang with ISGS 2015,Unknown lab ID
ISGSA-3629,570.0,20.0,SEEDS,S. Seed,-23.5,AMS,-95.62138127,41.033474299999995,1.0,,13ML130,Johnson Farm 3,USA,Iowa,North America,UWyo2021,Hong Wang with ISGS 2015,Unknown lab ID
ISGSA-3676,990.0,20.0,BONE,Canis,-15.9,AMS,-89.92837404,38.47043082,1.0,,11S1232,Janey B. Goode,USA,Illinois,North America,UWyo2021,Emerson et al 2020 Isotopic confirmation of the timing…,Unknown lab ID
ISGSA-3677,1080.0,20.0,BONE,Canis,-18.2,AMS,-89.92837404,38.47043082,1.0,,11S1232,Janey B. Goode,USA,Illinois,North America,UWyo2021,Emerson et al 2020 Isotopic confirmation of the timing…,Unknown lab ID
ISGSA-3678,975.0,20.0,BONE,Canis,-15.7,AMS,-89.92837404,38.47043082,1.0,,11S1232,Janey B. Goode,USA,Illinois,North America,UWyo2021,Emerson et al 2020 Isotopic confirmation of the timing…,Unknown lab ID
ISGSA-3679,1115.0,20.0,BONE,Canis,-18.4,AMS,-89.92837404,38.47043082,1.0,,11S1232,Janey B. Goode,USA,Illinois,North America,UWyo2021,Emerson et al 2020 Isotopic confirmation of the timing…,Unknown lab ID
ISGSA-3680,1120.0,20.0,BONE,Canis,-19.6,AMS,-89.92837404,38.47043082,1.0,,11S1232,Janey B. Goode,USA,Illinois,North America,UWyo2021,Emerson et al 2020 Isotopic confirmation of the timing…,Unknown lab ID
ISGSA-3681,1055.0,20.0,BONE,Canis,-11.7,AMS,-89.92837404,38.47043082,1.0,,11S1232,Janey B. Goode,USA,Illinois,North America,UWyo2021,Emerson et al 2020 Isotopic confirmation of the timing…,Unknown lab ID
ISGSA-3742,1080.0,15.0,SEEDS,Nutshell charred,-25.6,AMS,-89.90517719,38.82984438,1.0,,11MS662,Lillie,USA,Illinois,North America,UWyo2021,Fortier et al. (2016),Unknown lab ID
ISGSA-3743,1075.0,15.0,SEEDS,Nutshell charred,-25.8,AMS,-89.90517719,38.82984438,1.0,,11MS662,Lillie,USA,Illinois,North America,UWyo2021,Fortier et al. (2016),Unknown lab ID
ISGSA-3744,1080.0,20.0,SEEDS,Nutshell charred,-24.2,AMS,-89.90517719,38.82984438,1.0,,11MS662,Lillie,USA,Illinois,North America,UWyo2021,Fortier et al. (2016),Unknown lab ID
ISGSA-3791,855.0,20.0,BONE,collagen,-11.8,AMS,-89.92837404,38.47043082,1.0,,11S706,East St. Louis Mound Complex,USA,Illinois,North America,UWyo2021,Brennan Boles Hedman Kolb Nash 2016,Unknown lab ID
ISGSA-4,8490.0,100.0,UNKNOWN,,,AMS,-91.18860042,39.98790561,1.0,,11A1252,Dittmer,USA,Illinois,North America,UWyo2021,Nolan 1994 2004; Nolan and Fishel 2009,Unknown lab ID
ISGSA-406,1525.0,35.0,POTTERYRESIDUE,,-29,AMS,-75.03249938,42.63378083,1.0,,7714.000009,Fortin 2,USA,New York,North America,UWyo2021,Thompson et al. (2004),Unknown lab ID
ISGSA-4062,1425.0,15.0,BONE,Canis,-21.2173785,AMS,-89.90517719,38.82984438,1.0,,11MS1353,Cunningham,USA,Illinois,North America,UWyo2021,Emerson et al 2020 Isotopic confirmation of the timing…,Unknown lab ID
ISGSA-407,1505.0,35.0,POTTERYRESIDUE,,-29,AMS,-75.03249938,42.63378083,1.0,,7714.000009,Fortin 2,USA,New York,North America,UWyo2021,Thompson et al. (2004),Unknown lab ID
ISGSA-4070,555.0,15.0,SEEDS,Zea mays,-8,AMS,-79.46682604,40.31064472,1.0,,36WM100,Consol Site,USA,Pennsylvania,North America,UWyo2021,Oshnock personal communication 2019,Unknown lab ID
ISGSA-410,1995.0,35.0,POTTERYRESIDUE,,-29,AMS,-75.03249938,42.63378083,1.0,,7714.000009,Fortin 2,USA,New York,North America,UWyo2021,Thompson et al. (2004),Unknown lab ID
ISGSA-4235,2055.0,20.0,SEEDS,Corylus nutshell charred,-27.9,AMS,-91.25982573,41.21856557,1.0,,13LA12,Gast Farm,USA,Iowa,North America,UWyo2021,Green 2018,Unknown lab ID
ISGSA-4236,2155.0,15.0,SEEDS,Juglandaceae nutshell charred,-26.8,AMS,-91.25982573,41.21856557,1.0,,13LA12,Gast Farm,USA,Iowa,North America,UWyo2021,Green 2018,Unknown lab ID
ISGSA-4237,1765.0,15.0,SEEDS,Carya nutshell charred,-26.2,AMS,-91.25982573,41.21856557,1.0,,13LA12,Gast Farm,USA,Iowa,North America,UWyo2021,Green 2018,Unknown lab ID
ISGSA-452,1940.0,35.0,POTTERYRESIDUE,,-29.3,AMS,-76.19456258,43.00587369,1.0,,7507.000013,Vinette,USA,New York,North America,UWyo2021,Thompson et al. (2004),Unknown lab ID
ISGSA-453,1635.0,35.0,POTTERYRESIDUE,,-28,AMS,-76.20876883,43.46391903,1.0,,7507.000009,Wickham,USA,New York,North America,UWyo2021,Hart and Brumbach (2005),Unknown lab ID
ISGSA-454,1695.0,35.0,POTTERYRESIDUE,,-30.4,AMS,-76.20876883,43.46391903,1.0,,7507.000009,Wickham,USA,New York,North America,UWyo2021,Hart and Brumbach (2005),Unknown lab ID
ISGSA-455,1990.0,40.0,POTTERYRESIDUE,,-29.8,AMS,-76.19456258,43.00587369,1.0,,7507.000013,Vinette,USA,New York,North America,UWyo2021,Hart et al. (2007),Unknown lab ID
ISGSA-456,2510.0,35.0,POTTERYRESIDUE,,-29.1,AMS,-76.20876883,43.46391903,1.0,,7507.000013,Vinette,USA,New York,North America,UWyo2021,Thompson et al. 2004,Unknown lab ID
ISGSA-465,910.0,35.0,WOOD,,-25.3,AMS,-93.34002134,32.09331622,1.0,,16RR1,Gahagan,USA,Louisiana,North America,UWyo2021,Emerson Thomas E. and Jeffrey S. Girard2004    Dating Gahagan and it's Implications for Understanding Cahokia-Caddo Interactions.  Southeastern Archaeology 23(1):57 - 64.,Unknown lab ID
ISGSA-466,950.0,40.0,LEATHER,,-23.3,AMS,-93.34002134,32.09331622,1.0,,16RR1,Gahagan,USA,Louisiana,North America,UWyo2021,Emerson Thomas E. and Jeffrey S. Girard2004    Dating Gahagan and it's Implications for Understanding Cahokia-Caddo Interactions.  Southeastern Archaeology 23(1):57 - 64.,Unknown lab ID
ISGSA-479,9225.0,30.0,CHARCOAL,,,AMS,-96.20518377,38.95328546,1.0,,14WB322,Claussen,USA,Kansas,North America,UWyo2021,Mandel Widga et al. 2004,Unknown lab ID
ISGSA-480,9225.0,35.0,CHARCOAL,,,AMS,-96.20518377,38.95328546,1.0,,14WB322,Claussen,USA,Kansas,North America,UWyo2021,Mandel Widga et al. 2004,Unknown lab ID
ISGSA-482,7605.0,35.0,UNKNOWN,,,AMS,-91.47944869,40.64206032,1.0,,13LE597,Fett,USA,Iowa,North America,UWyo2021,Emerson et al. 2009 Archaic Societies: Diversity and Complexity...,Unknown lab ID
ISGSA-497,1575.0,35.0,POTTERYRESIDUE,,-27.2,AMS,-76.19456258,43.00587369,1.0,,6705.000007,Felix,USA,New York,North America,UWyo2021,Hart and Brumbach (2005),Unknown lab ID
ISGSA-498,1600.0,35.0,POTTERYRESIDUE,,-25.9,AMS,-74.44204867,42.588309100000004,1.0,,9512.000038,Westheimer,USA,New York,North America,UWyo2021,Hart and Brumbach (2005),Unknown lab ID
ISGSA-499,1430.0,40.0,POTTERYRESIDUE,,-27.3,AMS,-76.19456258,43.00587369,1.0,,6705.000007,Felix,USA,New York,North America,UWyo2021,Hart and Brumbach (2005),Unknown lab ID
ISGSA-500,2270.0,35.0,POTTERYRESIDUE,,-28.1,AMS,-76.19456258,43.00587369,1.0,,7507.000013,Vinette,USA,New York,North America,UWyo2021,Hart and Lovis (2007),Unknown lab ID
ISGSA-501,1390.0,35.0,POTTERYRESIDUE,,-29.7,AMS,-76.20876883,43.46391903,1.0,,NYSM-1507,Simmons,USA,New York,North America,UWyo2021,Hart and Brumbach (2005),Unknown lab ID
ISGSA-502,1405.0,40.0,POTTERYRESIDUE,,-26.7,AMS,-76.19456258,43.00587369,1.0,,6705.000007,Felix,USA,New York,North America,UWyo2021,Hart and Brumbach (2005),Unknown lab ID
ISGSA-503,1525.0,40.0,POTTERYRESIDUE,,-27.9,AMS,-76.19456258,43.00587369,1.0,,6705.000007,Felix,USA,New York,North America,UWyo2021,Hart and Brumbach (2005),Unknown lab ID
ISGSA-504,1520.0,35.0,POTTERYRESIDUE,,-27.4,AMS,-76.19456258,43.00587369,1.0,,6705.000007,Felix,USA,New York,North America,UWyo2021,Hart and Brumbach (2005),Unknown lab ID
ISGSA-505,2205.0,30.0,POTTERYRESIDUE,,-30,AMS,-76.19456258,43.00587369,1.0,,6705.000007,Felix,USA,New York,North America,UWyo2021,Hart and Brumbach (2005),Unknown lab ID
ISGSA-506,1315.0,50.0,POTTERYRESIDUE,,-26.3,AMS,-76.19456258,43.00587369,1.0,,6705.000007,Felix,USA,New York,North America,UWyo2021,Hart and Brumbach (2005),Unknown lab ID
ISGSA-508,5255.0,40.0,CHARCOAL,,,AMS,-96.65003273,38.68749423,1.0,,14MO304,William Young,USA,Kansas,North America,UWyo2021,Banks and Wigand 2005,Unknown lab ID
ISGSA-509,1115.0,30.0,POTTERYRESIDUE,,,AMS,-76.20876883,43.46391903,1.0,,7507.000009,Wickham,USA,New York,North America,UWyo2021,Hart and Lovis 2011,Unknown lab ID
ISGSA-519,1485.0,40.0,CHARCOAL,,-25.5,AMS,-75.03249938,42.63378083,1.0,,7714.000009,Fortin 2,USA,New York,North America,UWyo2021,Hart and Brumbach 2005,Unknown lab ID
ISGSA-520,805.0,40.0,CHARCOAL,,-24.4,AMS,-76.20876883,43.46391903,1.0,,7507.000009,Wickham,USA,New York,North America,UWyo2021,Hart and Brumbach 2005,Unknown lab ID
ISGSA-521,885.0,40.0,CHARCOAL,,-24.3,AMS,-76.20876883,43.46391903,1.0,,7507.000009,Wickham,USA,New York,North America,UWyo2021,Hart and Brumbach 2005,Unknown lab ID
ISGSA-522,425.0,40.0,POTTERYRESIDUE,,-20.8,AMS,-74.42223964,43.11395008,1.0,,03504.000001/NYSM-2332,Garoga,USA,New York,North America,UWyo2021,Hart and Brumbach (2005),Unknown lab ID
ISGSA-523,480.0,40.0,POTTERYRESIDUE,,-23.6,AMS,-74.42223964,43.11395008,1.0,,03504.000005/NYSM-2233,Klock,USA,New York,North America,UWyo2021,Hart and Lovis (2007),Unknown lab ID
ISGSA-524,1625.0,40.0,CHARCOAL,,-23.3,AMS,-76.19456258,43.00587369,1.0,,6705.000007,Felix,USA,New York,North America,UWyo2021,Hart and Brumbach 2005,Unknown lab ID
ISGSA-525,1220.0,40.0,CHARCOAL,,-26,AMS,-76.19456258,43.00587369,1.0,,6705.000007,Felix,USA,New York,North America,UWyo2021,Hart and Brumbach 2005,Unknown lab ID
ISGSA-526,225.0,40.0,CHARCOAL,,-26.7,AMS,-76.19456258,43.00587369,1.0,,6705.000007,Felix,USA,New York,North America,UWyo2021,Hart and Brumbach 2005,Unknown lab ID
ISGSA-527,1465.0,40.0,CHARCOAL,,-25.6,AMS,-75.03249938,42.63378083,1.0,,7714.000009,Fortin 2,USA,New York,North America,UWyo2021,Hart and Brumbach 2005,Unknown lab ID
ISGSA-528,445.0,40.0,POTTERYRESIDUE,,-20.7,AMS,-74.42223964,43.11395008,1.0,,03504.000002/NYSM-2334,Smith-Pagerie,USA,New York,North America,UWyo2021,Hart and Brumbach (2005),Unknown lab ID
ISGSA-541,2905.0,35.0,POTTERYRESIDUE,,-25.8,AMS,-78.19382174,43.00098001,1.0,,5106.000005,Scaccia,USA,New York,North America,UWyo2021,Hart and Brumbach (2005),Unknown lab ID
ISGSA-542,1620.0,35.0,POTTERYRESIDUE,,-28.7,AMS,-76.20876883,43.46391903,1.0,,NYSM-1507,Simmons,USA,New York,North America,UWyo2021,Hart and Brumbach (2005),Unknown lab ID
ISGSA-544,3730.0,35.0,SEEDS,Hickory nut,,AMS,-90.13148372,41.35326346,1.0,,11HY289,Billboard Flats,USA,Illinois,North America,UWyo2021,Fishel and Vanderford 2006; Illinois Archaeology vol. 18: 51-75,Unknown lab ID
ISGSA-562,2755.0,35.0,POTTERYRESIDUE,Soot adhering to exterior of the soapstone vessel,-27.5,AMS,-83.92549042,35.68723175,1.0,,40BT90,Apple Barn/Townsend 1,USA,Tennessee,North America,UWyo2021,Wells et al. 2014 Soapstone Vessel Chronology And Function In The Southern Appalachians Of Eastern Tennessee: The Apple Barn Site (40BT90) Assemblage,Unknown lab ID
ISGSA-563,2760.0,30.0,POTTERYRESIDUE,Soot adhering to exterior of the soapstone vessel,-25.2,AMS,-83.92549042,35.68723175,1.0,,40BT90,Apple Barn/Townsend 1,USA,Tennessee,North America,UWyo2021,Wells et al. 2014 Soapstone Vessel Chronology And Function In The Southern Appalachians Of Eastern Tennessee: The Apple Barn Site (40BT90) Assemblage,Unknown lab ID
ISGSA-564,3350.0,30.0,POTTERYRESIDUE,Soot adhering to exterior of the soapstone vessel,-25.9,AMS,-83.92549042,35.68723175,1.0,,40BT90,Apple Barn/Townsend 1,USA,Tennessee,North America,UWyo2021,Wells et al. 2014 Soapstone Vessel Chronology And Function In The Southern Appalachians Of Eastern Tennessee: The Apple Barn Site (40BT90) Assemblage,Unknown lab ID
ISGSA-565,3115.0,30.0,POTTERYRESIDUE,Soot adhering to exterior of the soapstone vessel,-25.2,AMS,-83.92549042,35.68723175,1.0,,40BT90,Apple Barn/Townsend 1,USA,Tennessee,North America,UWyo2021,Wells et al. 2014 Soapstone Vessel Chronology And Function In The Southern Appalachians Of Eastern Tennessee: The Apple Barn Site (40BT90) Assemblage,Unknown lab ID
ISGSA-566,2960.0,40.0,POTTERYRESIDUE,Soot adhering to exterior of the soapstone vessel,-25.5,AMS,-83.92549042,35.68723175,1.0,,40BT90,Apple Barn/Townsend 1,USA,Tennessee,North America,UWyo2021,Wells et al. 2014 Soapstone Vessel Chronology And Function In The Southern Appalachians Of Eastern Tennessee: The Apple Barn Site (40BT90) Assemblage,Unknown lab ID
ISGSA-567,2825.0,30.0,POTTERYRESIDUE,Soot adhering to exterior of the soapstone vessel,-25.1,AMS,-83.92549042,35.68723175,1.0,,40BT90,Apple Barn/Townsend 1,USA,Tennessee,North America,UWyo2021,Wells et al. 2014 Soapstone Vessel Chronology And Function In The Southern Appalachians Of Eastern Tennessee: The Apple Barn Site (40BT90) Assemblage,Unknown lab ID
ISGSA-568,2995.0,30.0,POTTERYRESIDUE,Soot adhering to exterior of the soapstone vessel,-27.8,AMS,-83.92549042,35.68723175,1.0,,40BT90,Apple Barn/Townsend 1,USA,Tennessee,North America,UWyo2021,Wells et al. 2014 Soapstone Vessel Chronology And Function In The Southern Appalachians Of Eastern Tennessee: The Apple Barn Site (40BT90) Assemblage,Unknown lab ID
ISGSA-569,825.0,25.0,SEEDS,bean charred,-8.6,AMS,-97.64831277,38.39175588,1.0,,14MP407,,USA,Kansas,North America,UWyo2021,Bevitt 2006,Unknown lab ID
ISGSA-570,780.0,60.0,SEEDS,Zea mays charred,-9.2,AMS,-97.64831277,38.39175588,1.0,,14MP407,,USA,Kansas,North America,UWyo2021,Bevitt 2006,Unknown lab ID
ISGSA-571,895.0,35.0,CHARCOAL,,-25.9,AMS,-76.82364771,42.78107594,1.0,,9908.000003,Kipp Island,USA,New York,North America,UWyo2021,Hart and Lovis 2007,Unknown lab ID
ISGSA-572,1870.0,25.0,CHARCOAL,,-25.8,AMS,-76.82364771,42.78107594,1.0,,9908.000003,Kipp Island,USA,New York,North America,UWyo2021,Hart et al. 2011,Unknown lab ID
ISGSA-573,2855.0,35.0,CHARCOAL,,-24.8,AMS,-76.82364771,42.78107594,1.0,,9908.000003,Kipp Island,USA,New York,North America,UWyo2021,Hart et al. 2011,Unknown lab ID
ISGSA-5746,860.0,70.0,CHARCOAL,,-25.9,AMS,-97.64831277,38.39175588,1.0,,14MP407,,USA,Kansas,North America,UWyo2021,Bevitt 2006,Unknown lab ID
ISGSA-576,1030.0,25.0,BONE,bison,-8.4,AMS,-99.23695633,38.18143829,1.0,,14PA303,Forrest site,USA,Kansas,North America,UWyo2021,Hoard and Bozell 2016-The Forrest Site 14PA303: A Keith Phase Component in Pawnee County,Unknown lab ID
ISGSA-577,7360.0,35.0,UNKNOWN,,,AMS,-91.18860042,39.98790561,1.0,,11A1578,Andrew Farm Gully,USA,Illinois,North America,UWyo2021,Nolan 2004; Nolan and Fishel 2009,Unknown lab ID
ISGSA-590,1375.0,35.0,CHARCOAL,,-23.5,AMS,-76.82364771,42.78107594,1.0,,9908.000003,Kipp Island,USA,New York,North America,UWyo2021,Hart et al. 2011,Unknown lab ID
ISGSA-591,3545.0,35.0,CHARCOAL,,-24,AMS,-76.82364771,42.78107594,1.0,,09908.000003/NYSM-42690,Kipp Island,USA,New York,North America,UWyo2021,Hart et. al. (2011) ADDITIONAL EVIDENCE FOR CAL. SEVENTH­CENTURY A.D.MAIZE CONSUMPTION AT THE KIPP ISLAND SITE NEW YORK,Unknown lab ID
ISGSA-592,8050.0,35.0,BONE,collagen,,AMS,-89.82526103,38.05221509,1.0,,11R687,Kaskaskia Mine,USA,Illinois,North America,UWyo2021,Hargrave Hedman and Wolf 2006; ITARP research reports No. 104,Unknown lab ID
ISGSA-5945,415.0,25.0,SEEDS,Zea mays,,AMS,-79.08733516,40.65206169,1.0,,36IN2,Johnston,USA,Pennsylvania,North America,UWyo2021,Carr et al. 2020 Arch of Nat Amer in Penn.,Unknown lab ID
ISGSA-6,383.0,52.0,CHARCOAL,,,AMS,-95.15113734,43.08270176,1.0,,13CY2,Gillett Grove,USA,Iowa,North America,UWyo2021,Titcomb 2000-The Gillett Grove site,Unknown lab ID
ISGSA-60,543.0,57.0,CHARCOAL,,-25.4,AMS,-98.20125322,38.34728357,1.0,,14RC8,Tobias,USA,Kansas,North America,UWyo2021,Kansas archaeological site file,Unknown lab ID
ISGSA-603,765.0,30.0,SEEDS,Zea mays kernel,,AMS,-98.76662283,42.89970796,1.0,,25BD1,Lynch,USA,Nebraska,North America,UWyo2021,Gover 2019 MA thesis,Unknown lab ID
ISGSA-604,625.0,40.0,CHARCOAL,,,AMS,-98.76662283,42.89970796,1.0,,25BD1,Lynch,USA,Nebraska,North America,UWyo2021,Gover 2019 MA thesis,Unknown lab ID
ISGSA-605,645.0,35.0,CHARCOAL,,,AMS,-98.76662283,42.89970796,1.0,,25BD1,Lynch,USA,Nebraska,North America,UWyo2021,Gover 2019 MA thesis,Unknown lab ID
ISGSA-606,630.0,23.0,SEEDS,Phaseolus vulgaris cotyledon fragment,,AMS,-98.76662283,42.89970796,1.0,,25BD2/201,Anoka,USA,Nebraska,North America,UWyo2021,Gover 2019 MA thesis,Unknown lab ID
ISGSA-61,354.0,52.0,CHARCOAL,,-24.9,AMS,-98.20125322,38.34728357,1.0,,14RC8,Tobias,USA,Kansas,North America,UWyo2021,Kansas archaeological site file,Unknown lab ID
ISGSA-618,691.0,24.0,SEEDS,Prunus americana seed fragment,,AMS,-98.76662283,42.89970796,1.0,,25BD2/201,Anoka,USA,Nebraska,North America,UWyo2021,Gover 2019 MA thesis,Unknown lab ID
ISGSA-619,685.0,24.0,SEEDS,Zea mays kernel,,AMS,-98.76662283,42.89970796,1.0,,25BD2/201,Anoka,USA,Nebraska,North America,UWyo2021,Gover 2019 MA thesis,Unknown lab ID
ISGSA-620,720.0,35.0,SEEDS,Zea mays kernel,,AMS,-98.76662283,42.89970796,1.0,,25BD16,Hostert,USA,Nebraska,North America,UWyo2021,Gover 2019 MA thesis,Unknown lab ID
ISGSA-621,690.0,35.0,SEEDS,Zea mays kernel,,AMS,-98.76662283,42.89970796,1.0,,25BD16,Hostert,USA,Nebraska,North America,UWyo2021,Gover 2019 MA thesis,Unknown lab ID
ISGSA-622,730.0,35.0,SEEDS,Zea mays kernel,,AMS,-98.76662283,42.89970796,1.0,,25BD16,Hostert,USA,Nebraska,North America,UWyo2021,Gover 2019 MA thesis,Unknown lab ID
ISGSA-623,730.0,35.0,SEEDS,Zea mays kernel,,AMS,-98.76662283,42.89970796,1.0,,25BD139,Mohr,USA,Nebraska,North America,UWyo2021,Gover 2019 MA thesis,Unknown lab ID
ISGSA-624,700.0,35.0,SEEDS,Prunus americana seed fragment,,AMS,-98.76662283,42.89970796,1.0,,25BD139,Mohr,USA,Nebraska,North America,UWyo2021,Gover 2019 MA thesis,Unknown lab ID
ISGSA-625,650.0,25.0,SEEDS,Vitis sp. Pip,,AMS,-98.76662283,42.89970796,1.0,,25BD139,Mohr,USA,Nebraska,North America,UWyo2021,Gover 2019 MA thesis,Unknown lab ID
ISGSA-645,1231.0,44.0,POTTERYRESIDUE,,-26.7,AMS,-77.04815909,43.32533601,1.0,,11711.000016/NYSM-1538,Hunter’s Home,USA,New York,North America,UWyo2021,Hart et al. (2008),Unknown lab ID
ISGSA-646,995.0,35.0,POTTERYRESIDUE,,-25.6,AMS,-76.20876883,43.46391903,1.0,,6705.000007,Felix,USA,New York,North America,UWyo2021,Hart et al. (2012),Unknown lab ID
ISGSA-647,1231.0,44.0,POTTERYRESIDUE,,-26.7,AMS,-77.04815909,43.32533601,1.0,,11711.000016/NYSM-1538,Hunter’s Home,USA,New York,North America,UWyo2021,Hart et al. (2008),Unknown lab ID
ISGSA-648,1555.0,30.0,POTTERYRESIDUE,,-26.9,AMS,-76.20876883,43.46391903,1.0,,6705.000007,Felix,USA,New York,North America,UWyo2021,Hart et al. (2012),Unknown lab ID
ISGSA-650,5410.0,30.0,BONE,Collagen,-21.7,AMS,-76.82364771,42.78107594,1.0,,09908.000003/NYSM-46697,Kipp Island,USA,New York,North America,UWyo2021,Hart et. al. (2011) ADDITIONAL EVIDENCE FOR CAL. SEVENTH­CENTURY A.D.MAIZE CONSUMPTION AT THE KIPP ISLAND SITE NEW YORK,Unknown lab ID
ISGSA-651,4510.0,35.0,BONE,Collagen,-19.7,AMS,-76.82364771,42.78107594,1.0,,09908.000003/NYSM-46697,Kipp Island,USA,New York,North America,UWyo2021,Hart et. al. (2011) ADDITIONAL EVIDENCE FOR CAL. SEVENTH­CENTURY A.D.MAIZE CONSUMPTION AT THE KIPP ISLAND SITE NEW YORK,Unknown lab ID
ISGSA-656,1231.0,44.0,POTTERYRESIDUE,,-26.7,AMS,-77.04815909,43.32533601,1.0,,11711.000016/NYSM-1538,Hunter’s Home,USA,New York,North America,UWyo2021,Hart et al. (2008),Unknown lab ID
ISGSA-657,600.0,30.0,SEEDS,Zea mays,-8.9,AMS,-76.19456258,43.00587369,1.0,,06705.000022/Bwv012,Kelso,USA,New York,North America,UWyo2021,Hart and Lovis 2007,Unknown lab ID
ISGSA-66,404.0,47.0,CHARCOAL,,-24.6,AMS,-98.20125322,38.34728357,1.0,,14RC9,C F Thompson,USA,Kansas,North America,UWyo2021,Kansas archaeological site file,Unknown lab ID
ISGSA-660,560.0,30.0,OTHER,Grass blade,-9.8,AMS,-76.19456258,43.00587369,1.0,,06705.000022/Bwv012,Kelso,USA,New York,North America,UWyo2021,Hart and Lovis 2007,Unknown lab ID
ISGSA-661,560.0,25.0,SEEDS,Zea mays,-8.3,AMS,-76.19456258,43.00587369,1.0,,06705.000022/Bwv012,Kelso,USA,New York,North America,UWyo2021,Hart and Lovis 2007,Unknown lab ID
ISGSA-67,449.0,52.0,CHARCOAL,,-25,AMS,-98.20125322,38.34728357,1.0,,14RC9,C F Thompson,USA,Kansas,North America,UWyo2021,Kansas archaeological site file,Unknown lab ID
ISGSA-742,1175.0,30.0,POTTERYRESIDUE,,-25.6,AMS,-76.57426501,43.01046949,1.0,,01108.000002/NYSM-2092,Levanna,USA,New York,North America,UWyo2021,Hart and Lovis (2007),Unknown lab ID
ISGSA-743,355.0,30.0,POTTERYRESIDUE,,-25.3,AMS,-77.29979852,42.85292601,1.0,,NYSM1036/Hne005/06912.000024,Richmond Mills,USA,New York,North America,UWyo2021,Hart et al. (2012),Unknown lab ID
ISGSA-744,470.0,30.0,POTTERYRESIDUE,,-22.9,AMS,-75.66961061,42.91267136,1.0,,5310.000008,Goff,USA,New York,North America,UWyo2021,Hart et al (2012),Unknown lab ID
ISGSA-745,1575.0,30.0,POTTERYRESIDUE,,-29.1,AMS,-76.20876883,43.46391903,1.0,,7507.000009,Wickham,USA,New York,North America,UWyo2021,Hart and Lovis (2007),Unknown lab ID
ISGSA-746,2455.0,30.0,POTTERYRESIDUE,,-27.1,AMS,-77.29979852,42.85292601,1.0,,NYSM-936,Vine Valley,USA,New York,North America,UWyo2021,Taché and Hart (2013),Unknown lab ID
ISGSA-747,2055.0,35.0,POTTERYRESIDUE,,-28.1,AMS,-76.82364771,42.78107594,1.0,,9908.000003,Kipp Island,USA,New York,North America,UWyo2021,Hart et al. (2011),Unknown lab ID
ISGSA-748,515.0,35.0,POTTERYRESIDUE,,-22.4,AMS,-76.19456258,43.00587369,1.0,,6714.000081,Pompey,USA,New York,North America,UWyo2021,Hart et al. (2012),Unknown lab ID
ISGSA-749,845.0,25.0,POTTERYRESIDUE,,-23,AMS,-76.57426501,43.01046949,1.0,,1114.000006,Lakeside (Owasco Lake),USA,New York,North America,UWyo2021,Hart and Lovis (2007),Unknown lab ID
ISGSA-750,735.0,30.0,POTTERYRESIDUE,,-23.3,AMS,-76.57426501,43.01046949,1.0,,1114.000006,Lakeside (Owasco Lake),USA,New York,North America,UWyo2021,Hart and Lovis (2007),Unknown lab ID
ISGSA-751,1115.0,30.0,POTTERYRESIDUE,,-24.1,AMS,-76.20876883,43.46391903,1.0,,7507.000009,Wickham,USA,New York,North America,UWyo2021,Hart and Lovis (2007),Unknown lab ID
ISGSA-754,1115.0,35.0,POTTERYRESIDUE,,-26.1,AMS,-76.57426501,43.01046949,1.0,,01108.000002/NYSM-2092,Levanna,USA,New York,North America,UWyo2021,Hart and Lovis (2007),Unknown lab ID
ISGSA-755,355.0,30.0,POTTERYRESIDUE,,-29.1,AMS,-75.66961061,42.91267136,1.0,,5310.000006,Buyea,USA,New York,North America,UWyo2021,Hart et al. (2012),Unknown lab ID
ISGSA-756,455.0,30.0,POTTERYRESIDUE,,-25.2,AMS,-75.66961061,42.91267136,1.0,,5310.000006,Buyea,USA,New York,North America,UWyo2021,Hart et al. (2012),Unknown lab ID
ISGSA-757,1315.0,30.0,POTTERYRESIDUE,,-25.6,AMS,-76.82364771,42.78107594,1.0,,9908.000003,Kipp Island,USA,New York,North America,UWyo2021,Hart et al. (2011),Unknown lab ID
ISGSA-758,1910.0,30.0,POTTERYRESIDUE,,-24.6,AMS,-76.82364771,42.78107594,1.0,,9908.000003,Kipp Island,USA,New York,North America,UWyo2021,Hart and Lovis (2007),Unknown lab ID
ISGSA-759,520.0,30.0,POTTERYRESIDUE,,-24.3,AMS,-76.19456258,43.00587369,1.0,,06705.000022/Bwv012,Kelso,USA,New York,North America,UWyo2021,Hart and Lovis (2007),Unknown lab ID
ISGSA-760,1810.0,30.0,POTTERYRESIDUE,,-27.5,AMS,-76.3061442,42.1705121,1.0,,NYSM-167,Cottage,USA,New York,North America,UWyo2021,Hart et al. (2007),Unknown lab ID
ISGSA-761,1545.0,25.0,POTTERYRESIDUE,,-25.5,AMS,-76.82364771,42.78107594,1.0,,9908.000003,Kipp Island,USA,New York,North America,UWyo2021,Hart et al. (2011),Unknown lab ID
ISGSA-762,1805.0,30.0,POTTERYRESIDUE,,-25.5,AMS,-76.3061442,42.1705121,1.0,,NYSM-167,Cottage,USA,New York,North America,UWyo2021,Hart et al. (2007),Unknown lab ID
ISGSA-763,460.0,30.0,POTTERYRESIDUE,,-24.1,AMS,-75.66961061,42.91267136,1.0,,5310.000008,Goff,USA,New York,North America,UWyo2021,Hart et al (2012),Unknown lab ID
ISGSA-766,405.0,30.0,SEEDS,Zea mays,,AMS,-79.46682604,40.31064472,1.0,,36WM100,Consol Site,USA,Pennsylvania,North America,UWyo2021,Auffart and Oshnock 2011; SHPO Files; Oshnock personal communication 2019,Unknown lab ID
ISGSA-767,405.0,30.0,SEEDS,cotyledon,,AMS,-79.46682604,40.31064472,1.0,,36WM100,Consol Site,USA,Pennsylvania,North America,UWyo2021,Auffart and Oshnock 2011; SHPO Files; Oshnock personal communication 2019,Unknown lab ID
ISGSA-801,525.0,30.0,SEEDS,bean cultigen,,AMS,-83.00906562,39.96958118,1.0,,33FR52,O.C. Voss Mound and Village,USA,Ohio,North America,UWyo2021,Brady-Rawlins 2007; Nolan 2012,Unknown lab ID
ISGSA-803,970.0,15.0,SEEDS,Zea mays Kernel,-9.1,AMS,-90.20150874,39.71565802,1.0,,11MG179,Spoontoe,USA,Illinois,North America,UWyo2021,Simon 2014-Reevaluating the Introduction of Maize into the American Bottom,Unknown lab ID
ISGSA-85,260.0,52.0,CHARCOAL,,-26.2,AMS,-98.20125322,38.34728357,1.0,,14RC420,Crandall,USA,Kansas,North America,UWyo2021,Kansas archaeological site file,Unknown lab ID
ISGSA-859,1930.0,30.0,CHARCOAL,,-25.9,AMS,-101.0756937,39.78527166,1.0,,14RW418,Burntwood Creek Rockshelter,USA,Kansas,North America,UWyo2021,Murphy and Mandel 2012- The Burntwood Creek Rockshelter Record…,Unknown lab ID
ISGSA-860,7010.0,40.0,CHARCOAL,,-25.4,AMS,-81.51485535,39.21122311,1.0,,46WD83-A,West Blennerhassett,USA,West Virginia,North America,UWyo2021,Robinson 2009-Holocene landform evolution and natural site formation…,Unknown lab ID
ISGSA-861,3000.0,30.0,SEEDS,black walnut (Juglans nigra) nutshell carbonized,-27.1,AMS,-81.51485535,39.21122311,1.0,,46WD83-A,West Blennerhassett,USA,West Virginia,North America,UWyo2021,Robinson 2009-Holocene landform evolution and natural site formation…,Unknown lab ID
ISGSA-862,3055.0,35.0,SEEDS,black walnut (Juglans nigra) nutshell carbonized,-27,AMS,-81.51485535,39.21122311,1.0,,46WD83-A,West Blennerhassett,USA,West Virginia,North America,UWyo2021,Robinson 2009-Holocene landform evolution and natural site formation…,Unknown lab ID
ISGSA-863,2595.0,30.0,SEEDS,hickory (Carya sp.) nutshell carbonized,-26,AMS,-81.51485535,39.21122311,1.0,,46WD83-A,West Blennerhassett,USA,West Virginia,North America,UWyo2021,Robinson 2009-Holocene landform evolution and natural site formation…,Unknown lab ID
ISGSA-864,3105.0,30.0,SEEDS,hickory (Carya sp.) nutshell carbonized,-25.3,AMS,-81.51485535,39.21122311,1.0,,46WD83-A,West Blennerhassett,USA,West Virginia,North America,UWyo2021,Robinson 2009-Holocene landform evolution and natural site formation…,Unknown lab ID
ISGSA-867,2230.0,30.0,BONE,,-7.8,AMS,-101.0756937,39.78527166,1.0,,14RW418,Burntwood Creek Rockshelter,USA,Kansas,North America,UWyo2021,Murphy and Mandel 2012- The Burntwood Creek Rockshelter Record…,Unknown lab ID
ISGSA-868,7845.0,25.0,CHARCOAL,white oak,-26,AMS,-81.51485535,39.21122311,1.0,,46WD83-A,West Blennerhassett,USA,West Virginia,North America,UWyo2021,Robinson 2009-Holocene landform evolution and natural site formation…,Unknown lab ID
ISGSA-869,7940.0,30.0,CHARCOAL,,-24.3,AMS,-81.51485535,39.21122311,1.0,,46WD83-A,West Blennerhassett,USA,West Virginia,North America,UWyo2021,Robinson 2009-Holocene landform evolution and natural site formation…,Unknown lab ID
ISGSA-870,8235.0,40.0,CHARCOAL,,-26.7,AMS,-81.51485535,39.21122311,1.0,,46WD83-A,West Blennerhassett,USA,West Virginia,North America,UWyo2021,Robinson 2009-Holocene landform evolution and natural site formation…,Unknown lab ID
ISGSA-871,8355.0,30.0,SEEDS,black walnut (Juglans nigra) nutshell carbonized,-24.7,AMS,-81.51485535,39.21122311,1.0,,46WD83-A,West Blennerhassett,USA,West Virginia,North America,UWyo2021,Robinson 2009-Holocene landform evolution and natural site formation…,Unknown lab ID
ISGSA-872,7985.0,35.0,SEEDS,butternut (Juglans sp.) nutshell carbonized,-26.3,AMS,-81.51485535,39.21122311,1.0,,46WD83-A,West Blennerhassett,USA,West Virginia,North America,UWyo2021,Robinson 2009-Holocene landform evolution and natural site formation…,Unknown lab ID
ISGSA-873,8020.0,35.0,CHARCOAL,,-25.2,AMS,-81.51485535,39.21122311,1.0,,46WD83-A,West Blennerhassett,USA,West Virginia,North America,UWyo2021,Robinson 2009-Holocene landform evolution and natural site formation…,Unknown lab ID
ISGSA-877,2525.0,30.0,SEEDS,nutshell,-24.6,AMS,-91.16482133,40.40367312,1.0,,11HA684,Gregory #2,USA,Illinois,North America,UWyo2021,Nolan Mallo and Boyd 2016; Illinois Archaeology vol. 28 pp. 257-290,Unknown lab ID
ISGSA-879,8025.0,35.0,SEEDS,hickory (Carya sp.) nutshell carbonized,-25.5,AMS,-81.51485535,39.21122311,1.0,,46WD83-A,West Blennerhassett,USA,West Virginia,North America,UWyo2021,Robinson 2009-Holocene landform evolution and natural site formation…,Unknown lab ID
ISGSA-880,8165.0,35.0,SEEDS,hickory (Carya sp.) nutshell carbonized,-26,AMS,-81.51485535,39.21122311,1.0,,46WD83-A,West Blennerhassett,USA,West Virginia,North America,UWyo2021,Robinson 2009-Holocene landform evolution and natural site formation…,Unknown lab ID
ISGSA-881,7825.0,40.0,SEEDS,walnut (Juglans sp.) nutshell carbonized,-27.9,AMS,-81.51485535,39.21122311,1.0,,46WD83-A,West Blennerhassett,USA,West Virginia,North America,UWyo2021,Robinson 2009-Holocene landform evolution and natural site formation…,Unknown lab ID
ISGSA-882,7965.0,35.0,SEEDS,hickory (Carya sp.) nutshell carbonized,-27.2,AMS,-81.51485535,39.21122311,1.0,,46WD83-A,West Blennerhassett,USA,West Virginia,North America,UWyo2021,Robinson 2009-Holocene landform evolution and natural site formation…,Unknown lab ID
ISGSA-883,8660.0,40.0,CHARCOAL,red oak,-25,AMS,-81.51485535,39.21122311,1.0,,46WD83-A,West Blennerhassett,USA,West Virginia,North America,UWyo2021,Robinson 2009-Holocene landform evolution and natural site formation…,Unknown lab ID
ISGSA-884,2885.0,30.0,SEEDS,butternut (Juglans sp.) nutshell carbonized,-28.4,AMS,-81.51485535,39.21122311,1.0,,46WD83-A,West Blennerhassett,USA,West Virginia,North America,UWyo2021,Robinson 2009-Holocene landform evolution and natural site formation…,Unknown lab ID
ISGSA-885,8245.0,35.0,SEEDS,walnut family (Juglandaceae) nuthsell carbonized,-24.7,AMS,-81.51485535,39.21122311,1.0,,46WD83-A,West Blennerhassett,USA,West Virginia,North America,UWyo2021,Robinson 2009-Holocene landform evolution and natural site formation…,Unknown lab ID
ISGSA-886,8215.0,35.0,CHARCOAL,maple,-24.6,AMS,-81.51485535,39.21122311,1.0,,46WD83-A,West Blennerhassett,USA,West Virginia,North America,UWyo2021,Robinson 2009-Holocene landform evolution and natural site formation…,Unknown lab ID
ISGSA-887,1375.0,30.0,SEEDS,walnut (Juglans sp.) nutshell carbonized,-24.6,AMS,-81.51485535,39.21122311,1.0,,46WD83-A,West Blennerhassett,USA,West Virginia,North America,UWyo2021,Robinson 2009-Holocene landform evolution and natural site formation…,Unknown lab ID
ISGSA-888,2855.0,30.0,SEEDS,walnut (Juglans sp.) nutshell carbonized,-26.9,AMS,-81.51485535,39.21122311,1.0,,46WD83-A,West Blennerhassett,USA,West Virginia,North America,UWyo2021,Robinson 2009-Holocene landform evolution and natural site formation…,Unknown lab ID
ISGSA-889,7910.0,35.0,SEEDS,hickory (Carya sp.) nutshell carbonized,-26,AMS,-81.51485535,39.21122311,1.0,,46WD83-A,West Blennerhassett,USA,West Virginia,North America,UWyo2021,Robinson 2009-Holocene landform evolution and natural site formation…,Unknown lab ID
ISGSA-890,8360.0,50.0,SEEDS,grape seed carbonized,-25,AMS,-81.51485535,39.21122311,1.0,,46WD83-A,West Blennerhassett,USA,West Virginia,North America,UWyo2021,Robinson 2009-Holocene landform evolution and natural site formation…,Unknown lab ID
ISGSA-892,3120.0,30.0,SEEDS,butternut (Juglans sp.) nutshell carbonized,-26.4,AMS,-81.51485535,39.21122311,1.0,,46WD83-A,West Blennerhassett,USA,West Virginia,North America,UWyo2021,Robinson 2009-Holocene landform evolution and natural site formation…,Unknown lab ID
ISGSA-893,1960.0,30.0,SEEDS,walnut (Juglans sp.) nutshell carbonized,-25.6,AMS,-81.51485535,39.21122311,1.0,,46WD83-A,West Blennerhassett,USA,West Virginia,North America,UWyo2021,Robinson 2009-Holocene landform evolution and natural site formation…,Unknown lab ID
ISGSA-894,4315.0,30.0,SEEDS,hickory (Carya sp.) nutshell carbonized,-23.7,AMS,-81.51485535,39.21122311,1.0,,46WD83-A,West Blennerhassett,USA,West Virginia,North America,UWyo2021,Robinson 2009-Holocene landform evolution and natural site formation…,Unknown lab ID
ISGSA-895,3305.0,30.0,CHARCOAL,,,AMS,-79.9809897,40.46889972,1.0,,36AL482,Glenshaw Rockshelter,USA,Pennsylvania,North America,UWyo2021,Tippins 2011,Unknown lab ID
ISGSA-896,3150.0,35.0,CHARCOAL,,,AMS,-79.9809897,40.46889972,1.0,,36AL482,Glenshaw Rockshelter,USA,Pennsylvania,North America,UWyo2021,Tippins 2011,Unknown lab ID
ISGSA-897,2235.0,30.0,CHARCOAL,,,AMS,-79.9809897,40.46889972,1.0,,36AL482,Glenshaw Rockshelter,USA,Pennsylvania,North America,UWyo2021,Tippins 2011,Unknown lab ID
ISGSA-898,2205.0,30.0,CHARCOAL,,,AMS,-79.9809897,40.46889972,1.0,,36AL482,Glenshaw Rockshelter,USA,Pennsylvania,North America,UWyo2021,Tippins 2011,Unknown lab ID
ISGSA-899,7760.0,35.0,SEEDS,walnut family (Juglandaceae) nuthsell carbonized,-24.3,AMS,-81.51485535,39.21122311,1.0,,46WD83-A,West Blennerhassett,USA,West Virginia,North America,UWyo2021,Robinson 2009-Holocene landform evolution and natural site formation…,Unknown lab ID
ISGSA-900,8005.0,35.0,SEEDS,walnut (Juglans sp.) nutshell carbonized,-23.2,AMS,-81.51485535,39.21122311,1.0,,46WD83-A,West Blennerhassett,USA,West Virginia,North America,UWyo2021,Robinson 2009-Holocene landform evolution and natural site formation…,Unknown lab ID
ISGSA-901,3070.0,35.0,SEEDS,hickory (Carya sp.) nutshell carbonized,-24.6,AMS,-81.51485535,39.21122311,1.0,,46WD83-A,West Blennerhassett,USA,West Virginia,North America,UWyo2021,Robinson 2009-Holocene landform evolution and natural site formation…,Unknown lab ID
ISGSA-902,8075.0,35.0,CHARCOAL,,-27,AMS,-81.51485535,39.21122311,1.0,,46WD83-A,West Blennerhassett,USA,West Virginia,North America,UWyo2021,Robinson 2009-Holocene landform evolution and natural site formation…,Unknown lab ID
ISGSA-903,2225.0,30.0,SEEDS,walnut (Juglans sp.) nutshell carbonized,-28.1,AMS,-81.51485535,39.21122311,1.0,,46WD83-A,West Blennerhassett,USA,West Virginia,North America,UWyo2021,Robinson 2009-Holocene landform evolution and natural site formation…,Unknown lab ID
ISGSA-904,7850.0,35.0,SEEDS,unidentified nutshell carbonized,-27.3,AMS,-81.51485535,39.21122311,1.0,,46WD83-A,West Blennerhassett,USA,West Virginia,North America,UWyo2021,Robinson 2009-Holocene landform evolution and natural site formation…,Unknown lab ID
ISGSA-905,8265.0,35.0,SEEDS,unidentified nutshell carbonized,-23.5,AMS,-81.51485535,39.21122311,1.0,,46WD83-A,West Blennerhassett,USA,West Virginia,North America,UWyo2021,Robinson 2009-Holocene landform evolution and natural site formation…,Unknown lab ID
ISGSA-906,8340.0,40.0,CHARCOAL,,-25.1,AMS,-81.51485535,39.21122311,1.0,,46WD83-A,West Blennerhassett,USA,West Virginia,North America,UWyo2021,Robinson 2009-Holocene landform evolution and natural site formation…,Unknown lab ID
ISGSA-942,4848.0,125.0,BONE,collagen,-19.5,AMS,-90.20743186,40.47273335,1.0,,11F53,Tree Row,USA,Illinois,North America,UWyo2021,McElrath and Evans 2016; Illinois Archaeology vol. 28 pp. 229-256,Unknown lab ID
ISGSA-944,2620.0,95.0,BONE,collagen,-19.2,AMS,-90.20743186,40.47273335,1.0,,11F53,Tree Row,USA,Illinois,North America,UWyo2021,McElrath and Evans 2016; Illinois Archaeology vol. 28 pp. 229-256,Unknown lab ID
ISGSA-946,4050.0,115.0,BONE,collagen,-16.4,AMS,-90.20743186,40.47273335,1.0,,11F53,Tree Row,USA,Illinois,North America,UWyo2021,McElrath and Evans 2016; Illinois Archaeology vol. 28 pp. 229-256,Unknown lab ID
ISGSA-982,510.0,20.0,CHARCOAL,,,AMS,-79.64691734,39.91979862,1.0,,36FA22,Phillips,USA,Pennsylvania,North America,UWyo2021,Means 2010,Unknown lab ID
ISGSA-988,705.0,15.0,BONE,collagen mammal bone bead blank,,AMS,-79.64691734,39.91979862,1.0,,36FA22,Phillips,USA,Pennsylvania,North America,UWyo2021,Means 2010,Unknown lab ID
ISGSI-220,3500.0,70.0,charcoal,,,,-80.260125,-0.196863,2.0,,,Jama Valley,Ecuador,,South America,Goldberg_2016,Denbow J. 2011. Excavations at Divuyu Tsodilo Hills.Botswana Notes and Records43 pp.76-94.,Unknown lab ID
ISGSM-76,6490.0,150.0,CHARCOAL,,,RADIOMETRIC,-90.88633619,39.62259435,1.0,,11PK10,Chrisman,USA,Illinois,North America,UWyo2021,McGregor 1954,Unknown lab ID
ISOTOPESI-16269,1430.0,60.0,Charcoal,,,,-89.07202099999999,17.155260000000002,1.0,,,Buenavista del Cayo,Belize,,Central America,MesoRAD2020,Coupland et al. 2003 Table 6.1;  Patton 2011,Unknown lab ID
KIAND-1,37040.0,440.0,bone,,,,7.8798,51.3575,1.0,,,Volkringhauser Hohle,Germany,,Europe,Vermeersch2019,Tafelmaier Y. 2011. Quartar 58: 153-182.,Unknown lab ID
KIAND-2,39870.0,780.0,bone,,,,7.8798,51.3575,1.0,,,Vonsmose,Germany,,Europe,Vermeersch2019,Neugebauer-Maresch 1999,Unknown lab ID
KII-399901,7300.0,55.0,charcoal,,-25.09,,10.5037,54.0292,1.0,,,Seedorf LA 296,Germany,,Europe,CALPAL,Kiel DB 3114,Unknown lab ID
KII-776,4700.0,75.0,wood,,0,,9.7441,54.8016,1.0,,,Bostholm,Germany,,Europe,CALPAL,Kiel DB 2174,Unknown lab ID
KIND-1,17200.0,250.0,,,,,32.0276,49.4646,1.0,,,Mezhirich,Ukraine,,Europe,Vermeersch2019,Kozlowski J. 2007. Paleo,Unknown lab ID
KIND-2,17560.0,270.0,,,,,32.0276,49.4646,1.0,,,Mezhirich,Ukraine,,Europe,Vermeersch2019,Bradtmöller 2007,Unknown lab ID
KNI-038,3700.0,120.0,,,,,28.37327,44.10485,2.0,,,Hamangia,Romania,,Europe,RADON-B,László 1997 265,Unknown lab ID
KNI-102,6480.0,75.0,Charcoal,,,,,,0.0,,,Copacelu-Valea Raii,Romania,,Europe,14SEA,Breunig 1987: 117 Mantu 1999–2000: 98 Nitu and Tulugea 2011: 46,Unknown lab ID
KNI-142,5560.0,265.0,wood,,,,8.33,52.51,2.0,,,Dümmer,Germany,,Europe,EUROEVOL,,Unknown lab ID
KNI-149,5750.0,65.0,Charcoal,,,,,,0.0,,,Cascioarele-Ostrovel,Romania,,Europe,14SEA,Quitta & Kohl 1969: 238ff Mantu 1995: 227 Reingruber & Rassamakin 2016: Appendix,Unknown lab ID
KNI-153,5720.0,60.0,Charcoal,,,,,,0.0,,,Cascioarele-Ostrovel,Romania,,Europe,14SEA,Quitta & Kohl 1969: 238ff Reingruber & Rassamakin 2016: Appendix,Unknown lab ID
KNI-157,7060.0,160.0,,,,,5.314,43.519,2.0,,,Abri des Boeufs,France,,Europe,EUROEVOL,,Unknown lab ID
KNI-16,5110.0,40.0,charcoal,,,,3.98,50.42,2.0,,,Spiennes Camp-à-Cayaux,Belgium,,Europe,EUROEVOL,,Unknown lab ID
KNI-191B,4980.0,60.0,charcoal,,,,9.923060000000001,48.4105,2.0,,,Blaustein-Ehrenstein,Germany,,Europe,EUROEVOL,,Unknown lab ID
KNI-192,5140.0,55.0,wood,,,,9.923060000000001,48.4105,2.0,,,Blaustein-Ehrenstein,Germany,,Europe,EUROEVOL,,Unknown lab ID
KNI-193A,5250.0,65.0,wood,,,,9.923060000000001,48.4105,2.0,,,Blaustein-Ehrenstein,Germany,,Europe,EUROEVOL,,Unknown lab ID
KNI-193B,5300.0,40.0,wood,,,,9.923060000000001,48.4105,2.0,,,Blaustein-Ehrenstein,Germany,,Europe,EUROEVOL,,Unknown lab ID
KNI-194,5180.0,50.0,wood,,,,9.923060000000001,48.4105,2.0,,,Blaustein-Ehrenstein,Germany,,Europe,EUROEVOL,,Unknown lab ID
KNI-195,5190.0,40.0,wood,,,,9.923060000000001,48.4105,2.0,,,Blaustein-Ehrenstein,Germany,,Europe,EUROEVOL,,Unknown lab ID
KNI-201,2770.0,50.0,,,,,-8.922778,38.7075,2.0,,,Atalaia,Portugal,,Europe,RADON-B,Sanjuán/Pérez 2011 152,Unknown lab ID
KNI-2056,28400.0,450.0,charcoal,,,,17.1,-27.75,2.0,,,Apollo 11 Cave,Namibia,,Africa,SARD,Wendt W.E. 1976. 'Art Mobilier'from the Apollo 11 Cave South West Africa: Africa's Oldest Dated Works of Art.The South African Archaeological Bulletin pp.5-11.,Unknown lab ID
KNI-2057,18660.0,210.0,charcoal,,,,17.1,-27.75,2.0,,,Apollo 11 Cave,Namibia,,Africa,SARD,Gopher 1985 Kuijt and Bar-Yosef 1994,Unknown lab ID
KNI-21,5080.0,70.0,wood,,,,8.006689999999999,47.1852,2.0,,,Egolzwil 4,Switzerland,,Europe,EUROEVOL,,Unknown lab ID
KNI-237,4000.0,65.0,charcoal,,,,12.335280000000001,51.095,2.0,,,Luckaer Forst,Germany,,Europe,RADON-B,Furholt 2003 273,Unknown lab ID
KNI-2C,4880.0,135.0,charred plant macrofossils,,,,9.923060000000001,48.4105,2.0,,,Blaustein-Ehrenstein,Germany,,Europe,EUROEVOL,,Unknown lab ID
KNI-300,5260.0,40.0,charcoal,,,,9.923060000000001,48.4105,2.0,,,Blaustein-Ehrenstein,Germany,,Europe,EUROEVOL,,Unknown lab ID
KNI-303,5170.0,65.0,charcoal,,,,9.923060000000001,48.4105,2.0,,,Blaustein-Ehrenstein,Germany,,Europe,EUROEVOL,,Unknown lab ID
KNI-304B,5190.0,60.0,wood,,,,9.923060000000001,48.4105,2.0,,,Blaustein-Ehrenstein,Germany,,Europe,EUROEVOL,,Unknown lab ID
KNI-305B,5160.0,40.0,wood,,,,9.923060000000001,48.4105,2.0,,,Blaustein-Ehrenstein,Germany,,Europe,EUROEVOL,,Unknown lab ID
KNI-306,5260.0,40.0,wood,,,,9.923060000000001,48.4105,2.0,,,Blaustein-Ehrenstein,Germany,,Europe,EUROEVOL,,Unknown lab ID
KNI-307,5160.0,50.0,wood,,,,9.923060000000001,48.4105,2.0,,,Blaustein-Ehrenstein,Germany,,Europe,EUROEVOL,,Unknown lab ID
KNI-308,5170.0,40.0,wood,,,,9.923060000000001,48.4105,2.0,,,Blaustein-Ehrenstein,Germany,,Europe,EUROEVOL,,Unknown lab ID
KNI-31,5250.0,65.0,wood,,,,8.33,52.51,2.0,,,Dümmer,Germany,,Europe,EUROEVOL,,Unknown lab ID
KNI-311,5210.0,40.0,plant macrofossils,,,,9.923060000000001,48.4105,2.0,,,Blaustein-Ehrenstein,Germany,,Europe,EUROEVOL,,Unknown lab ID
KNI-312,5230.0,55.0,wood,,,,9.923060000000001,48.4105,2.0,,,Blaustein-Ehrenstein,Germany,,Europe,EUROEVOL,,Unknown lab ID
KNI-319,3890.0,40.0,charcoal,,,,12.54813,50.98012,2.0,,,Forst Leina,Germany,,Europe,RADON-B,Furholt 2003 193,Unknown lab ID
KNI-336,9120.0,85.0,charcoal,,,,34.98,32.73,2.0,,,Iraq el-Barud,Israel,,Asia,CONTEXT,Gopher 1985 Kuijt and Bar-Yosef 1994,Unknown lab ID
KNI-364,5540.0,115.0,charcoal,,,,6.28712,50.8949,2.0,,,Aldenhoven,Germany,,Europe,EUROEVOL,,Unknown lab ID
KNI-379,5620.0,120.0,charcoal,,,,8.37,52.89,2.0,,,Holzhausen,Germany,,Europe,EUROEVOL,,Unknown lab ID
KNI-413,5500.0,60.0,charcoal,,,,9.2,49.16,2.0,,,Heilbronn-Neckargartach Hetzenberg,Germany,,Europe,EUROEVOL,,Unknown lab ID
KNI-415,5370.0,70.0,charcoal,,,,9.2,49.16,2.0,,,Heilbronn-Neckargartach Hetzenberg,Germany,,Europe,EUROEVOL,,Unknown lab ID
KNI-418,5270.0,40.0,charcoal,,,,9.2,49.16,2.0,,,Heilbronn-Neckargartach Hetzenberg,Germany,,Europe,EUROEVOL,,Unknown lab ID
KNI-419,5080.0,50.0,charcoal,,,,9.2,49.16,2.0,,,Heilbronn-Neckargartach Hetzenberg,Germany,,Europe,EUROEVOL,,Unknown lab ID
KNI-424A,4290.0,70.0,charcoal,,,,11.899000000000001,51.49,2.0,,,Halle Dölauer Heide,Germany,,Europe,EUROEVOL,,Unknown lab ID
KNI-425,3770.0,80.0,charcoal,,,,11.05,54.27,2.0,,,Heringsdorf- Süssau,Germany,,Europe,EUROEVOL,,Unknown lab ID
KNI-44,3900.0,50.0,,,,,11.943810000000001,50.97645,2.0,,,Etzdorf,Germany,,Europe,RADON-B,Furholt 2003 272,Unknown lab ID
KNI-458,4160.0,45.0,charcoal,,,,11.05,54.27,2.0,,,Heringsdorf- Süssau,Germany,,Europe,EUROEVOL,,Unknown lab ID
KNI-460,2940.0,45.0,charcoal,,,,15.35,-21.566999999999997,2.0,,,Fackeltrager Shelter Omandumba,Namibia,,Africa,SARD,Freundlich JC Schwabedissen H and Wendt WE. 1980. Köln radiocarbon measurements II.Radiocarbon22(01) pp.68-81.,Unknown lab ID
KNI-461,2910.0,45.0,charcoal,,,,15.35,-21.566999999999997,2.0,,,Fackeltrager Shelter Omandumba,Namibia,,Africa,SARD,Freundlich JC Schwabedissen H and Wendt WE. 1980. Köln radiocarbon measurements II.Radiocarbon22(01) pp.68-81.,Unknown lab ID
KNI-465,1930.0,50.0,charcoal,,,,15.65,-21.45,2.0,,,Etemba Shelter,Namibia,,Africa,SARD,Freundlich JC Schwabedissen H and Wendt WE. 1980. Köln radiocarbon measurements II.Radiocarbon22(01) pp.68-81.,Unknown lab ID
KNI-467,420.0,60.0,charcoal,,,,15.65,-21.45,2.0,,,Etemba Shelter,Namibia,,Africa,SARD,Freundlich JC Schwabedissen H and Wendt WE. 1980. Köln radiocarbon measurements II.Radiocarbon22(01) pp.68-81.,Unknown lab ID
KNI-469,370.0,50.0,charcoal,,,,14.383,-20.583000000000002,2.0,,,Hasenbild Twyfelfontein,Namibia,,Africa,SARD,Freundlich JC Schwabedissen H and Wendt WE. 1980. Köln radiocarbon measurements II.Radiocarbon22(01) pp.68-81.,Unknown lab ID
KNI-489,5820.0,55.0,charcoal,,,,6.28712,50.8949,2.0,,,Aldenhoven,Germany,,Europe,EUROEVOL,,Unknown lab ID
KNI-491,3950.0,40.0,charcoal,,,,11.05,54.27,2.0,,,Heringsdorf- Süssau,Germany,,Europe,EUROEVOL,,Unknown lab ID
KNI-494,4410.0,40.0,charcoal,,,,11.05,54.27,2.0,,,Heringsdorf- Süssau,Germany,,Europe,EUROEVOL,,Unknown lab ID
KNI-507,4370.0,45.0,charcoal,,,,11.05,54.27,2.0,,,Heringsdorf- Süssau,Germany,,Europe,EUROEVOL,,Unknown lab ID
KNI-508,4390.0,40.0,charcoal,,,,11.05,54.27,2.0,,,Heringsdorf- Süssau,Germany,,Europe,EUROEVOL,,Unknown lab ID
KNI-512,4400.0,40.0,charcoal,,,,11.05,54.27,2.0,,,Heringsdorf- Süssau,Germany,,Europe,EUROEVOL,,Unknown lab ID
KNI-530,6190.0,65.0,charcoal,,,,6.266667,50.88333,2.0,,,Niedermerz 3,Germany,,Europe,RADON,Jadin 2003,Unknown lab ID
KNI-531,6070.0,95.0,charcoal,,,,6.266667,50.88333,2.0,,,Niedermerz 3,Germany,,Europe,RADON,Jadin 2003,Unknown lab ID
KNI-568,5660.0,40.0,charcoal,,,,8.75,50.35,2.0,,,Schwalheim,Germany,,Europe,EUROEVOL,,Unknown lab ID
KNI-585,5230.0,90.0,charcoal,,,,7.97,51.48,2.0,,,Höingen,Germany,,Europe,EUROEVOL,,Unknown lab ID
KNI-594,6180.0,50.0,charcoal,,,,6.33333,50.86667,2.0,,,Aldenhoven Niedermerz 1,Germany,,Europe,RADON,Jadin 2003,Unknown lab ID
KNI-596,7240.0,55.0,Burnt cereals,,,,,,0.0,,,Porodin,North Macedonia,,Europe,14SEA,Gimbutas 1991: 441 Table 2,Unknown lab ID
KNI-596H1486987,7224.0,52.0,Burnt cereals,,,,,,0.0,,,Porodin,North Macedonia,,Europe,14SEA,,Unknown lab ID
KNI-597,5030.0,45.0,wood,,,,8.70445,47.7361,2.0,,,Thayngen Weier,Switzerland,,Europe,EUROEVOL,,Unknown lab ID
KNI-6,6210.0,50.0,charcoal,,,,6.66,50.75,2.0,,,Müddersheim,Germany,,Europe,EUROEVOL,,Unknown lab ID
KNI-608,490.0,45.0,charcoal,,,,17.1,-27.75,2.0,,,Apollo 11 Cave,Namibia,,Africa,SARD,Freundlich JC Schwabedissen H and Wendt WE. 1980. Köln radiocarbon measurements II.Radiocarbon22(01) pp.68-81.,Unknown lab ID
KNI-609,6200.0,65.0,charcoal,,,,17.1,-27.75,2.0,,,Apollo 11 Cave,Namibia,,Africa,SARD,Freundlich JC Schwabedissen H and Wendt WE. 1980. Köln radiocarbon measurements II.Radiocarbon22(01) pp.68-81.,Unknown lab ID
KNI-610,9430.0,90.0,,,,,17.1,-27.75,2.0,,,Apollo 11 Cave,Namibia,,Africa,SARD,Freundlich JC Schwabedissen H and Wendt WE. 1980. Köln radiocarbon measurements II.Radiocarbon22(01) pp.68-81.,Unknown lab ID
KNI-611,10420.0,80.0,charcoal,,,,17.1,-27.75,2.0,,,Apollo 11 Cave,Namibia,,Africa,SARD,Freundlich JC Schwabedissen H and Wendt WE. 1980. Köln radiocarbon measurements II.Radiocarbon22(01) pp.68-81.,Unknown lab ID
KNI-612,13690.0,120.0,charcoal,,,,17.1,-27.75,2.0,,,Apollo 11 Cave,Namibia,,Africa,SARD,Wendt W.E. 1976. 'Art Mobilier'from the Apollo 11 Cave South West Africa: Africa's Oldest Dated Works of Art.The South African Archaeological Bulletin pp.5-11.,Unknown lab ID
KNI-613,14550.0,60.0,charcoal,,,,17.1,-27.75,2.0,,,Apollo 11 Cave,Namibia,,Africa,SARD,Wendt W.E. 1976. 'Art Mobilier'from the Apollo 11 Cave South West Africa: Africa's Oldest Dated Works of Art.The South African Archaeological Bulletin pp.5-11.,Unknown lab ID
KNI-614,13030.0,100.0,charcoal,,,,17.1,-27.75,2.0,,,Apollo 11 Cave,Namibia,,Africa,SARD,Wendt W.E. 1976. 'Art Mobilier'from the Apollo 11 Cave South West Africa: Africa's Oldest Dated Works of Art.The South African Archaeological Bulletin pp.5-11.,Unknown lab ID
KNI-624,6910.0,45.0,charcoal,,,,16.517,-27.217,2.0,,,Pockenbank,Namibia,,Africa,SARD,Freundlich JC Schwabedissen H and Wendt WE. 1980. Köln radiocarbon measurements II.Radiocarbon22(01) pp.68-81.,Unknown lab ID
KNI-625,19320.0,320.0,charcoal,,,,16.517,-27.217,2.0,,,Pockenbank,Namibia,,Africa,SARD,Freundlich JC Schwabedissen H and Wendt WE. 1980. Köln radiocarbon measurements II.Radiocarbon22(01) pp.68-81.,Unknown lab ID
KNI-627,29900.0,1600.0,charcoal,,,,16.517,-27.217,2.0,,,Pockenbank,Namibia,,Africa,SARD,Freundlich JC Schwabedissen H and Wendt WE. 1980. Köln radiocarbon measurements II.Radiocarbon22(01) pp.68-81.,Unknown lab ID
KNI-628,33500.0,750.0,charcoal,,,,16.517,-27.217,2.0,,,Pockenbank,Namibia,,Africa,SARD,Freundlich JC Schwabedissen H and Wendt WE. 1980. Köln radiocarbon measurements II.Radiocarbon22(01) pp.68-81.,Unknown lab ID
KNI-629,36000.0,1150.0,charcoal,,,,16.517,-27.217,2.0,,,Pockenbank,Namibia,,Africa,SARD,,Unknown lab ID
KNI-636,860.0,55.0,charcoal,,,,14.283,-21.366999999999997,2.0,,,Messum Shelter,Namibia,,Africa,SARD,Freundlich JC Schwabedissen H and Wendt WE. 1980. Köln radiocarbon measurements II.Radiocarbon22(01) pp.68-81.,Unknown lab ID
KNI-637,2070.0,90.0,charcoal,,,,14.283,-21.366999999999997,2.0,,,Messum Shelter,Namibia,,Africa,SARD,Freundlich JC Schwabedissen H and Wendt WE. 1980. Köln radiocarbon measurements II.Radiocarbon22(01) pp.68-81.,Unknown lab ID
KNI-638,2830.0,55.0,charcoal,,,,14.283,-21.366999999999997,2.0,,,Messum Shelter,Namibia,,Africa,SARD,Freundlich JC Schwabedissen H and Wendt WE. 1980. Köln radiocarbon measurements II.Radiocarbon22(01) pp.68-81.,Unknown lab ID
KNI-639,2090.0,45.0,charcoal,,,,14.283,-21.366999999999997,2.0,,,Messum Shelter,Namibia,,Africa,SARD,Freundlich JC Schwabedissen H and Wendt WE. 1980. Köln radiocarbon measurements II.Radiocarbon22(01) pp.68-81.,Unknown lab ID
KNI-663,5490.0,85.0,charcoal,,,,6.62,50.95,2.0,,,Bergheim,Germany,,Europe,EUROEVOL,,Unknown lab ID
KNI-664,5540.0,95.0,charcoal,,,,6.62,50.95,2.0,,,Bergheim,Germany,,Europe,EUROEVOL,,Unknown lab ID
KNI-726,5480.0,65.0,charcoal,,,,10.126,49.8226,2.0,,,Schernau,Germany,,Europe,EUROEVOL,,Unknown lab ID
KNI-727,5450.0,50.0,charcoal,,,,10.126,49.8226,2.0,,,Schernau,Germany,,Europe,EUROEVOL,,Unknown lab ID
KNI-729,230.0,50.0,charcoal,,,,15.35,-21.566999999999997,2.0,,,Fackeltrager Shelter Omandumba,Namibia,,Africa,SARD,Freundlich JC Schwabedissen H and Wendt WE. 1980. Köln radiocarbon measurements II.Radiocarbon22(01) pp.68-81.,Unknown lab ID
KNI-730,2840.0,55.0,charcoal,,,,15.35,-21.566999999999997,2.0,,,Fackeltrager Shelter Omandumba,Namibia,,Africa,SARD,Freundlich JC Schwabedissen H and Wendt WE. 1980. Köln radiocarbon measurements II.Radiocarbon22(01) pp.68-81.,Unknown lab ID
KNI-731,2150.0,60.0,charcoal,,,,15.35,-21.566999999999997,2.0,,,Fackeltrager Shelter Omandumba,Namibia,,Africa,SARD,Freundlich JC Schwabedissen H and Wendt WE. 1980. Köln radiocarbon measurements II.Radiocarbon22(01) pp.68-81.,Unknown lab ID
KNI-732,2190.0,40.0,charcoal,,,,15.35,-21.566999999999997,2.0,,,Fackeltrager Shelter Omandumba,Namibia,,Africa,SARD,Freundlich JC Schwabedissen H and Wendt WE. 1980. Köln radiocarbon measurements II.Radiocarbon22(01) pp.68-81.,Unknown lab ID
KNI-811,13470.0,125.0,charcoal,,,,17.1,-27.75,2.0,,,Apollo 11 Cave,Namibia,,Africa,SARD,Wendt W.E. 1976. 'Art Mobilier'from the Apollo 11 Cave South West Africa: Africa's Oldest Dated Works of Art.The South African Archaeological Bulletin pp.5-11.,Unknown lab ID
KNI-812,19760.0,175.0,charcoal,,,,17.1,-27.75,2.0,,,Apollo 11 Cave,Namibia,,Africa,SARD,Wendt W.E. 1976. 'Art Mobilier'from the Apollo 11 Cave South West Africa: Africa's Oldest Dated Works of Art.The South African Archaeological Bulletin pp.5-11.,Unknown lab ID
KNI-813,26700.0,650.0,charcoal,,,,17.1,-27.75,2.0,,,Apollo 11 Cave,Namibia,,Africa,SARD,László 1997 265,Unknown lab ID
KNI-846,1460.0,55.0,plant remains,,,,17.1,-27.75,2.0,,,Apollo 11 Cave,Namibia,,Africa,SARD,Freundlich JC Schwabedissen H and Wendt WE. 1980. Köln radiocarbon measurements II.Radiocarbon22(01) pp.68-81.,Unknown lab ID
KNI-867,7200.0,75.0,charcoal,,,,17.1,-27.75,2.0,,,Apollo 11 Cave,Namibia,,Africa,SARD,Freundlich JC Schwabedissen H and Wendt WE. 1980. Köln radiocarbon measurements II.Radiocarbon22(01) pp.68-81.,Unknown lab ID
KNI-869,33370.0,550.0,charcoal,,,,17.1,-27.75,2.0,,,Apollo 11 Cave,Namibia,,Africa,SARD,Freundlich JC Schwabedissen H and Wendt WE. 1980. Köln radiocarbon measurements II.Radiocarbon22(01) pp.68-81.,Unknown lab ID
KNI-870,1670.0,55.0,plant remains,,,,17.1,-27.75,2.0,,,Apollo 11 Cave,Namibia,,Africa,SARD,,Unknown lab ID
KNI-915,10370.0,105.0,charcoal,,,,-0.3011,39.1456,1.0,,,Mallaetes or Malladetes (à),Spain,,Europe,Vermeersch2019,Journal of World Prehistory 12 1998: 121-198,Unknown lab ID
KNI-918,16300.0,1500.0,,,,,-0.3011,39.0122,1.0,,,Mallaetes or Maladetes (à),Spain,,Europe,Vermeersch2019,Fortea y Jorda 1976. Zephyrus 26-27: 129-166.,Unknown lab ID
KNI-919,20140.0,460.0,charcoal,,,,-0.3011,39.0122,1.0,,,Malta,Spain,,Europe,Vermeersch2019,Allsworth-Jones P. 1986 ('The Szeletian'. Oxford Clarendon Press) Fortea y Jorda 1976. Zephyrus 26-27: 129-166. Renault-Miskovsky J. Leroi-Gourhan Arl. 1981. Bull. AFEQ vol 3-4 : 121-128.,Unknown lab ID
KNI-920,21710.0,650.0,charcoal,,,,-0.3011,39.0122,1.0,,,Mallaetes or Malladetes (à),Spain,,Europe,Vermeersch2019,Fortea y Jorda 1976. Zephyrus 26-27: 129-166. Renault-Miskovsky J. Leroi-Gourhan Arl. 1981. Bull. AFEQ vol 3-4 : 121-128.,Unknown lab ID
KNI-926,29690.0,560.0,charcoal,,,,-0.3011,39.0122,1.0,,,Mallaetes or Malladetes (à),Spain,,Europe,Vermeersch2019,Freundlich JC Schwabedissen H and Wendt WE. 1980. Köln radiocarbon measurements II.Radiocarbon22(01) pp.68-81.,Unknown lab ID
KNL-918,16300.0,150.0,charcoal,,,,-0.3011,39.0122,1.0,,,Mallaetes or Malladetes (à),Spain,,Europe,Vermeersch2019,,Unknown lab ID
KNL-926,29690.0,560.0,charcoal,,,,-0.3011,39.0122,1.0,,,Mallaetes or Malladetes (à),Spain,,Europe,Vermeersch2019,Schwabedissen 1978 112 (1430+-60) (Ke 2243 (1190+-40); Zimmermann 1988 284,Unknown lab ID
LJGAP-68,2200.0,300.0,Charcoal,,,,-88.15786700000001,21.597820000000002,1.0,,,Isla Cancún,Mexico,,Central America,MesoRAD2020,NSM 2006,Unknown lab ID
LYC-577,11109.0,480.0,,,,,-3.9656,43.2924,1.0,,,El Castillo,Spain,,Europe,Vermeersch2019,Petillon JM.  Gallia PrÔøΩhistoire 57   2017 65-126.,Unknown lab ID
LYND-1,23150.0,170.0,bone,,,,1.6789,44.5199,1.0,,,Peyrugues,France,,Europe,Vermeersch2019,Banadora,Unknown lab ID
LYND-2,13350.0,350.0,bone Coelodonta antiquitatis Linty,,,,4.7204,46.2978,1.0,,,Solutre Terre Seve Sondage B,France,,Europe,Vermeersch2019,,Unknown lab ID
LYND-3,7650.0,160.0,,,,,5.5,46.75,1.0,,,De Nadale Cave,France,,Europe,Vermeersch2019,Evin J.  1994  Radiocarbon Volume 36 3: 345 ff. http://bocquet.club.fr/page 5a.htm,Unknown lab ID
LYND-4,14700.0,300.0,charcoal,,,,5.3667,46.0833,1.0,,,La Colombiere,France,,Europe,Vermeersch2019,Evin J.  1994  Radiocarbon Volume 36 3: 345 ff. http://bocquet.club.fr/page 5a.htm,Unknown lab ID
LYND-5,15500.0,700.0,charcoal,,,,5.3667,46.0833,1.0,,,La Colombiere,France,,Europe,Vermeersch2019,Klaric L. 2007. Antiquity 81: 176-190. Bertran P. 2005. Quaternaire:. 25-44. Collins PhD,Unknown lab ID
LYND-6,18910.0,110.0,.,,,,1.6789,44.5199,1.0,,,Peyrugues,France,,Europe,Vermeersch2019,,Unknown lab ID
LYSACA-28802,10440.0,50.0,tooth,,,,0.8253,44.3909,1.0,,,Portel,France,,Europe,Vermeersch2019,.Langlais M.   2012. LES GROUPES CULTURELS   DE LA TRANSITION   PLÔøΩISTOCÔøΩNE-HOLOCÔøΩNE  ENTRE ATLANTIQUE ET ADRIATIQUE,Unknown lab ID
LYSACA-28804,10350.0,50.0,tooth,,,,0.5,44.6,1.0,,,La Cala,France,,Europe,Vermeersch2019,RÔøΩÔøΩvaluation des gisements de La Borie del Rey et de Port-de-Penne,Unknown lab ID
LYSACA-288303,10340.0,50.0,bone,,,,0.5,44.6,1.0,,,La Borie del Rey,France,,Europe,Vermeersch2019,Leschtakov 2018,Unknown lab ID
MCND-1,7360.0,100.0,,,,,5.1667,43.3833,1.0,,,Font des Pigeons,France,,Europe,Vermeersch2019,,Unknown lab ID
MCND-2,7525.0,100.0,,,,,5.1667,43.3833,1.0,,,Font Voltada,France,,Europe,Vermeersch2019,Özbakan 1988,Unknown lab ID
MI-84,625.0,50.0,Charcoal,,,,-4.3333330000000005,14.5,2.0,,,Ngomi,Mali,,Africa,Kay_WestAfrica,Calvocoressi D. and David N. (1979). A New Survey of Radiocarbon and Thermoluminescence Dates for west Africa. The Journal of African History 20 pp 1-29. doi:10.1017/S0021853700016698. ,Unknown lab ID
MI-87,645.0,70.0,Charcoal,,,,-4.3333330000000005,14.5,2.0,,,Ngomi,Mali,,Africa,Kay_WestAfrica,Calvocoressi D. and David N. (1979). A New Survey of Radiocarbon and Thermoluminescence Dates for west Africa. The Journal of African History 20 pp 1-29. doi:10.1017/S0021853700016698. ,Unknown lab ID
MURRMPS-072,1458.0,62.0,Charcoal,,,,-89.554307,20.364382,1.0,,,Chac II,Mexico,,Central America,MesoRAD2020,Smyth 1998:147 Table 4,Unknown lab ID
MURRMPS-073,1283.0,59.0,Charcoal,,,,-89.554307,20.364382,1.0,,,Chac II,Mexico,,Central America,MesoRAD2020,MoralesMulazzani.2015Bask,Unknown lab ID
OBDYC-187131,1100.0,520.0,,,,,14.043182,10.069357,2.0,,,Groumoui,Cameroon,,Africa,Kay_WestAfrica,DELNEUF Michèle ESSOMBA Joseph-Marie FROMENT Alain (éds). Paléo-anthropologie en Afrique centrale : un bilan de l'archéologie au Cameroun. Paris France : L'Harmattan 1998 368p. (Etudes Africaines) ISBN : 2-7384-7405-5,Unknown lab ID
OBDYC-187231,1190.0,300.0,,,,,14.043182,10.069357,2.0,,,Groumoui,Cameroon,,Africa,Kay_WestAfrica,DELNEUF Michèle ESSOMBA Joseph-Marie FROMENT Alain (éds). Paléo-anthropologie en Afrique centrale : un bilan de l'archéologie au Cameroun. Paris France : L'Harmattan 1998 368p. (Etudes Africaines) ISBN : 2-7384-7405-5,Unknown lab ID
OBDYC-2872321,1520.0,940.0,,,,,14.043182,10.069357,2.0,,,Groumoui,Cameroon,,Africa,Kay_WestAfrica,DELNEUF Michèle ESSOMBA Joseph-Marie FROMENT Alain (éds). Paléo-anthropologie en Afrique centrale : un bilan de l'archéologie au Cameroun. Paris France : L'Harmattan 1998 368p. (Etudes Africaines) ISBN : 2-7384-7405-5,Unknown lab ID
OBDYC-85130,940.0,280.0,,,,,14.043182,10.069357,2.0,,,Groumoui,Cameroon,,Africa,Kay_WestAfrica,DELNEUF Michèle ESSOMBA Joseph-Marie FROMENT Alain (éds). Paléo-anthropologie en Afrique centrale : un bilan de l'archéologie au Cameroun. Paris France : L'Harmattan 1998 368p. (Etudes Africaines) ISBN : 2-7384-7405-5,Unknown lab ID
OBDYXX-1,2220.0,170.0,wood,,,,-80.155924,-5.093173,2.0,,,Nananique,Peru,,South America,Goldberg_2016,Ricklis et al 2012; Archaeology and Bioarchaeology of the Buckeye Knoll Site (41VT98) Victoria County Texas,Unknown lab ID
OXADUPL-21072,19235.0,75.0,Cyclope neritea,,,,17.9609,40.1558,1.0,,,Cavallo,Italy,,Europe,Vermeersch2019,Kuzmin Y.V  2004. Nucl. Instr.and Meth. In Phys. Res. B 223-224: 731-734. Marom  2012. PNAS 109: 6879. Kuzmin Y.V. 2014 Radiocarbon 56:454.,Unknown lab ID
OXAND-1,17720.0,90.0,objet arciforme (BadegoulienÃƒÆ’Ã‚Â),,,,1.6467,44.5013,1.0,,,Petit Cloup Barrat,France,,Europe,Vermeersch2019,Sampson A. Eura sian Pre his tory 6 (1ÔøΩ2): 199ÔøΩ231,Unknown lab ID
OXAND-2,12345.0,70.0,charcoal,,,,23.2046,38.4526,1.0,,,Sarakenos,Greece,,Europe,Vermeersch2019,Karamitrou-Mentessidi 2014: 245,Unknown lab ID
OXAT-10,7400.0,35.0,Human bone,,,,21.7,40.4,1.0,,,Mavropigi,Greece,,Europe,14SEA,Karamitrou-Mentessidi 2014: 245,Unknown lab ID
OXAT-3,7463.0,36.0,Human bone,,,,21.7,40.4,1.0,,,Mavropigi,Greece,,Europe,14SEA,Karamitrou-Mentessidi 2014: 245,Unknown lab ID
OXAT-7,7073.0,35.0,Human bone,,,,21.7,40.4,1.0,,,Mavropigi,Greece,,Europe,14SEA,Karamitrou-Mentessidi 2014: 245,Unknown lab ID
OXAT-9,7168.0,35.0,Human bone,,,,21.7,40.4,1.0,,,Mavropigi,Greece,,Europe,14SEA,Karamitrou-Mentessidi 2014: 245,Unknown lab ID
OXAV-205640,2295.0,28.0,bone,Homo sapiens,,AMS,18.441,-33.732,2.0,,,Melkbosstrand burials,South Africa,Western Cape,Africa,SARD,Sealy J. Ludwig B. and Henderson Z. 2006. New radiocarbon dates for Matjes River rock shelter.The South African Archaeological Bulletin pp.98-101.,Unknown lab ID
OXAV-206452,7295.0,32.0,,,,,23.416999999999998,-34.016999999999996,2.0,,,Matjies River,South Africa,,Africa,SARD,Ribot I. Morris A.G. Sealy J. and Maggs T. 2010. Population history and economic change in the last 2000 years in KwaZulu-Natal RSA.Southern African Humanities22(1) pp.89-112.,Unknown lab ID
OXAV-206455,2532.0,26.0,bone,,,,32.065,-28.82,2.0,,,Richards Bay,South Africa,,Africa,SARD,Sealy J. Ludwig B. and Henderson Z. 2006. New radiocarbon dates for Matjes River rock shelter.The South African Archaeological Bulletin pp.98-101.,Unknown lab ID
OXAV-206456,9688.0,36.0,,,,,23.416999999999998,-34.016999999999996,2.0,,,Matjies River,South Africa,,Africa,SARD,,Unknown lab ID
OXAV-212451,2175.0,32.0,bone,,,,-0.5573,54.0282,2.0,,,Wetwang Slack,United Kingdom,,Europe,Bevan2017,,Unknown lab ID
OXAV-216439,3846.0,29.0,bone,,,,-2.4321,55.9707,2.0,,,Skateraw,United Kingdom,,Europe,Bevan2017,,Unknown lab ID
OXAV-216440,3584.0,28.0,bone,,,,-6.235,56.2895,2.0,,,Ardachy Mull,United Kingdom,,Europe,Bevan2017,,Unknown lab ID
OXAV-216633,1544.0,29.0,bone,,,,-5.3109,55.5404,2.0,,,Machrie Moor Arran,United Kingdom,,Europe,Bevan2017,,Unknown lab ID
OXAV-216634,3835.0,33.0,bone,,,,-2.3682,57.2633,2.0,,,Broomend of Crichie,United Kingdom,,Europe,Bevan2017,,Unknown lab ID
OXAV-216635,3506.0,32.0,bone,,,,-2.1314,57.0508,2.0,,,Longhillock Cottages Clashfarquhar,United Kingdom,,Europe,Bevan2017,,Unknown lab ID
OXAV-216636,3683.0,32.0,bone,,,,-2.9511,56.5467,2.0,,,Tealing Hill,United Kingdom,,Europe,Bevan2017,,Unknown lab ID
OXAV-216637,454.0,26.0,bone,,,,-3.5244,55.99,2.0,,,Near House of Binns,United Kingdom,,Europe,Bevan2017,,Unknown lab ID
OXAV-216638,3733.0,33.0,bone,,,,-2.9684,55.9437,2.0,,,Birsley Quarry,United Kingdom,,Europe,Bevan2017,,Unknown lab ID
OXAV-216639,3461.0,32.0,bone,,,,-1.7328,51.1293,2.0,,,Porton,United Kingdom,,Europe,Bevan2017,,Unknown lab ID
OXAV-216640,3513.0,32.0,bone,,,,-1.7328,51.1293,2.0,,,Porton,United Kingdom,,Europe,Bevan2017,,Unknown lab ID
OXAV-216641,3743.0,33.0,bone,,,,-4.2409,57.443000000000005,2.0,,,Inverness Holm Mains Farm,United Kingdom,,Europe,Bevan2017,,Unknown lab ID
OXAV-216642,3755.0,32.0,bone,,,,-4.2409,57.443000000000005,2.0,,,Inverness Holm Mains Farm,United Kingdom,,Europe,Bevan2017,,Unknown lab ID
OXAV-216643,3632.0,37.0,bone,,,,-3.9187,57.5753,2.0,,,Delnies Carnach House,United Kingdom,,Europe,Bevan2017,,Unknown lab ID
OXAV-216644,3770.0,31.0,bone,,,,-2.5025,57.5212,2.0,,,Upper Mains Catterline,United Kingdom,,Europe,Bevan2017,,Unknown lab ID
OXAV-216645,3697.0,33.0,charcoal/bone,,,,-4.228,57.4476,2.0,,,Culduthel,United Kingdom,,Europe,Bevan2017,,Unknown lab ID
OXAV-216646,3741.0,32.0,bone,,,,-2.2683,56.9324,2.0,,,Nether Criggie,United Kingdom,,Europe,Bevan2017,,Unknown lab ID
OXAV-216742,3826.0,39.0,bone,,,,-2.6157,55.9598,2.0,,,Stenton Ruchlaw Mains,United Kingdom,,Europe,Bevan2017,,Unknown lab ID
OXAV-216743,3605.0,60.0,bone,,,,-2.3462,55.629,2.0,,,Redden Farm,United Kingdom,,Europe,Bevan2017,,Unknown lab ID
OXAV-216743A,3752.0,31.0,bone,,,,-2.0265,57.3075,2.0,,,Foveran Formartine,United Kingdom,,Europe,Bevan2017,,Unknown lab ID
OXAV-216743B,3156.0,31.0,bone,,,,-4.1923,58.403999999999996,2.0,,,Rough Haugh,United Kingdom,,Europe,Bevan2017,,Unknown lab ID
OXAV-216744,3582.0,32.0,bone,,,,-3.5178,56.0045,2.0,,,Blackness Castle,United Kingdom,,Europe,Bevan2017,,Unknown lab ID
OXAV-216745,2038.0,32.0,bone,,,,-3.0556,55.9395,2.0,,,Kirk Park Musselburgh,United Kingdom,,Europe,Bevan2017,,Unknown lab ID
OXAV-216842,3803.0,32.0,bone,,,,-3.6197,55.6213,2.0,,,Boatbridge Quarry,United Kingdom,,Europe,Bevan2017,,Unknown lab ID
OXAV-216843,3645.0,31.0,bone,,,,-3.4077,56.1738,2.0,,,Gairneybank,United Kingdom,,Europe,Bevan2017,,Unknown lab ID
OXAV-217212,3562.0,30.0,bone,,,,-4.2393,57.68899999999999,2.0,,,Dalmore,United Kingdom,,Europe,Bevan2017,,Unknown lab ID
OXAV-217213,3499.0,32.0,bone,,,,-4.2393,57.68899999999999,2.0,,,Dalmore,United Kingdom,,Europe,Bevan2017,,Unknown lab ID
OXAV-217214,3769.0,32.0,bone,,,,-2.3314,57.0636,2.0,,,Park Quarry,United Kingdom,,Europe,Bevan2017,,Unknown lab ID
OXAV-217215,3752.0,31.0,bone,,,,-2.0265,57.3075,2.0,,,Foveran Formartine,United Kingdom,,Europe,Bevan2017,,Unknown lab ID
OXAV-217216,2761.0,31.0,bone,,,,-3.9725,57.9766,2.0,,,Golspie,United Kingdom,,Europe,Bevan2017,,Unknown lab ID
OXAV-217217,405.0,27.0,bone,,,,-2.2797,56.8291,2.0,,,Gourdon Seaview Terrace,United Kingdom,,Europe,Bevan2017,,Unknown lab ID
OXAV-217218,3715.0,32.0,bone,,,,-2.0663,57.25,2.0,,,Keir,United Kingdom,,Europe,Bevan2017,,Unknown lab ID
OXAV-217219,3725.0,33.0,bone,,,,-2.418,57.271,2.0,,,Manar House,United Kingdom,,Europe,Bevan2017,,Unknown lab ID
OXAV-217220,3677.0,31.0,bone,,,,-2.5082,57.3175,2.0,,,Newlands of Oyne,United Kingdom,,Europe,Bevan2017,,Unknown lab ID
OXAV-217221,3652.0,32.0,bone,,,,-3.1536,56.1185,2.0,,,Kirkcaldy Priory Park,United Kingdom,,Europe,Bevan2017,,Unknown lab ID
OXAV-217222,3910.0,33.0,bone,,,,-2.3327,56.9288,2.0,,,Pitdrichie Farm 2 Keabog,United Kingdom,,Europe,Bevan2017,,Unknown lab ID
OXAV-217223,3845.0,32.0,bone,,,,-2.005,57.559,2.0,,,Sandhole Denhead,United Kingdom,,Europe,Bevan2017,,Unknown lab ID
OXAV-217224,3156.0,31.0,bone,,,,-4.211,58.5273,2.0,,,9 Holdings,United Kingdom,,Europe,Bevan2017,,Unknown lab ID
OXAV-217225,3686.0,32.0,bone,,,,-2.1935,57.1852,2.0,,,Stoneywood Aberdeen,United Kingdom,,Europe,Bevan2017,,Unknown lab ID
OXAV-217226,3745.0,32.0,bone,,,,-4.4934,57.6018,2.0,,,Fodderty Farm,United Kingdom,,Europe,Bevan2017,,Unknown lab ID
OXAV-217227,3534.0,31.0,bone,,,,-4.3379,57.4093,2.0,,,Lochend,United Kingdom,,Europe,Bevan2017,,Unknown lab ID
OXAV-217231,3803.0,32.0,bone,,,,-2.408,57.5799,2.0,,,Fintry,United Kingdom,,Europe,Bevan2017,,Unknown lab ID
OXAV-217232,1299.0,30.0,bone,,,,-2.5839999999999996,55.5735,2.0,,,Near Littledean Tower Kelso,United Kingdom,,Europe,Bevan2017,,Unknown lab ID
OXAV-219750,3774.0,36.0,bone,,,,-0.7756,54.045,2.0,,,Acklam Wold,United Kingdom,,Europe,Bevan2017,,Unknown lab ID
OXAV-219751,3699.0,35.0,bone,,,,-0.5083,54.0057,2.0,,,Garton Slack,United Kingdom,,Europe,Bevan2017,,Unknown lab ID
OXAV-219752,3663.0,38.0,bone,,,,-0.7814,54.056999999999995,2.0,,,Aldro,United Kingdom,,Europe,Bevan2017,,Unknown lab ID
OXAV-219753,4367.0,36.0,bone,,,,-0.5083,54.0057,2.0,,,Garton Slack,United Kingdom,,Europe,Bevan2017,,Unknown lab ID
OXAV-219754,3825.0,36.0,bone,,,,-0.7673,54.0376,2.0,,,Hanging Grimston,United Kingdom,,Europe,Bevan2017,,Unknown lab ID
OXAV-219755,3613.0,35.0,bone,,,,-0.7601,54.0007,2.0,,,Garrowby Wold,United Kingdom,,Europe,Bevan2017,,Unknown lab ID
OXAV-219916,3688.0,29.0,bone,,,,-0.7814,54.056999999999995,2.0,,,Aldro,United Kingdom,,Europe,Bevan2017,,Unknown lab ID
OXAV-219917,4906.0,32.0,bone,,,,-0.7308,53.9922,2.0,,,Calais Wold Bishop Wilton,United Kingdom,,Europe,Bevan2017,,Unknown lab ID
OXAV-219918,3749.0,30.0,bone,,,,-0.5083,54.0057,2.0,,,Garton Slack,United Kingdom,,Europe,Bevan2017,,Unknown lab ID
OXAV-219919,3748.0,29.0,bone,,,,-0.7756,54.045,2.0,,,Acklam Wold,United Kingdom,,Europe,Bevan2017,,Unknown lab ID
OXAV-219920,4855.0,32.0,bone,,,,-0.5083,54.0057,2.0,,,Garton Slack,United Kingdom,,Europe,Bevan2017,,Unknown lab ID
OXAV-219921,4903.0,31.0,bone,,,,-0.5083,54.0057,2.0,,,Garton Slack,United Kingdom,,Europe,Bevan2017,,Unknown lab ID
OXAV-219922,3610.0,30.0,bone,,,,-0.7756,54.045,2.0,,,Acklam Wold,United Kingdom,,Europe,Bevan2017,,Unknown lab ID
OXAV-219923,3698.0,30.0,bone,,,,-0.7756,54.045,2.0,,,Acklam Wold,United Kingdom,,Europe,Bevan2017,,Unknown lab ID
OXAV-219924,3389.0,30.0,bone,,,,-0.7371,54.0162,2.0,,,Painsthorpe Wold,United Kingdom,,Europe,Bevan2017,,Unknown lab ID
OXAV-219926,3773.0,31.0,bone,,,,-2.7449,55.9667,2.0,,,Haddington Abbey Mains,United Kingdom,,Europe,Bevan2017,,Unknown lab ID
OXAV-219927,3774.0,29.0,bone,,,,-0.5083,54.0057,2.0,,,Garton Slack,United Kingdom,,Europe,Bevan2017,,Unknown lab ID
OXAV-219931,3780.0,29.0,bone,,,,-0.7673,54.0376,2.0,,,Hanging Grimston,United Kingdom,,Europe,Bevan2017,,Unknown lab ID
OXAV-219932,4422.0,30.0,bone,,,,-0.7814,54.056999999999995,2.0,,,Aldro,United Kingdom,,Europe,Bevan2017,,Unknown lab ID
OXAV-219933,3729.0,29.0,bone,,,,-0.7601,54.0007,2.0,,,Garrowby Wold,United Kingdom,,Europe,Bevan2017,,Unknown lab ID
OXAV-219934,3719.0,27.0,bone,,,,-0.7371,54.0162,2.0,,,Painsthorpe Wold,United Kingdom,,Europe,Bevan2017,,Unknown lab ID
OXAV-219935,3740.0,30.0,bone,,,,-0.7814,54.056999999999995,2.0,,,Aldro,United Kingdom,,Europe,Bevan2017,,Unknown lab ID
OXAV-219936,5028.0,30.0,bone,,,,-0.5083,54.0057,2.0,,,Garton Slack,United Kingdom,,Europe,Bevan2017,,Unknown lab ID
OXAV-219937,3764.0,28.0,bone,,,,-0.5083,54.0057,2.0,,,Garton Slack,United Kingdom,,Europe,Bevan2017,,Unknown lab ID
OXAV-219938,3584.0,30.0,bone,,,,-0.7601,54.0007,2.0,,,Garrowby Wold,United Kingdom,,Europe,Bevan2017,,Unknown lab ID
OXAV-219939,3611.0,30.0,bone,,,,-0.7601,54.0007,2.0,,,Garrowby Wold,United Kingdom,,Europe,Bevan2017,,Unknown lab ID
OXAV-219940,3627.0,30.0,bone,,,,-0.5083,54.0057,2.0,,,Garton Slack,United Kingdom,,Europe,Bevan2017,,Unknown lab ID
OXAV-219941,3643.0,30.0,bone,,,,-0.5083,54.0057,2.0,,,Garton Slack,United Kingdom,,Europe,Bevan2017,,Unknown lab ID
OXAV-219942,3742.0,31.0,bone,,,,-0.7814,54.056999999999995,2.0,,,Aldro,United Kingdom,,Europe,Bevan2017,,Unknown lab ID
OXAV-219943,3679.0,32.0,bone,,,,-0.7814,54.056999999999995,2.0,,,Aldro,United Kingdom,,Europe,Bevan2017,,Unknown lab ID
OXAV-219944,3795.0,32.0,bone,,,,-0.7814,54.056999999999995,2.0,,,Aldro,United Kingdom,,Europe,Bevan2017,,Unknown lab ID
OXAV-219945,2693.0,31.0,bone,,,,-0.5083,54.0057,2.0,,,Garton Slack,United Kingdom,,Europe,Bevan2017,,Unknown lab ID
OXAV-219946,3793.0,34.0,bone,,,,-0.5083,54.0057,2.0,,,Garton Slack,United Kingdom,,Europe,Bevan2017,Lanting J.N.Van der Plicht J. I996 Palaeohistoria 37/38: 7I-125. Renault-Miskovsky J. Leroi-Gourhan Arl. 1981. Bull. AFEQ vol 3-4 : 121-128,Unknown lab ID
OXAV-221749,1686.0,29.0,bone,,,,-1.1582,51.6506,2.0,,,Queenford Farm Dorchester-upon-Thames,United Kingdom,,Europe,Bevan2017,,Unknown lab ID
OXAV-221750,1731.0,29.0,bone,,,,-1.1582,51.6506,2.0,,,Queenford Farm Dorchester-upon-Thames,United Kingdom,,Europe,Bevan2017,,Unknown lab ID
OXAV-221751,1692.0,28.0,bone,,,,-1.1582,51.6506,2.0,,,Queenford Farm Dorchester-upon-Thames,United Kingdom,,Europe,Bevan2017,,Unknown lab ID
OXAV-221752,1683.0,28.0,bone,,,,-1.1582,51.6506,2.0,,,Queenford Farm Dorchester-upon-Thames,United Kingdom,,Europe,Bevan2017,,Unknown lab ID
OXAV-221753,1708.0,28.0,bone,,,,-1.1582,51.6506,2.0,,,Queenford Farm Dorchester-upon-Thames,United Kingdom,,Europe,Bevan2017,,Unknown lab ID
OXAV-221754,1711.0,29.0,bone,,,,-1.1582,51.6506,2.0,,,Queenford Farm Dorchester-upon-Thames,United Kingdom,,Europe,Bevan2017,,Unknown lab ID
OXAV-221755,1671.0,28.0,bone,,,,-1.1582,51.6506,2.0,,,Queenford Farm Dorchester-upon-Thames,United Kingdom,,Europe,Bevan2017,,Unknown lab ID
OXAV-221756,1703.0,28.0,bone,,,,-1.1582,51.6506,2.0,,,Queenford Farm Dorchester-upon-Thames,United Kingdom,,Europe,Bevan2017,,Unknown lab ID
OXAV-221757,1654.0,29.0,bone,,,,-1.1582,51.6506,2.0,,,Queenford Farm Dorchester-upon-Thames,United Kingdom,,Europe,Bevan2017,Lanting J.N.Van der Plicht J. I996 Palaeohistoria 37/38: 7I-125. Renault-Miskovsky J. Leroi-Gourhan Arl. 1981. Bull. AFEQ vol 3-4 : 121-128,Unknown lab ID
OXAV-22186,1676.0,26.0,bone,,,,-1.1582,51.6506,2.0,,,Queenford Farm Dorchester-upon-Thames,United Kingdom,,Europe,Bevan2017,48. Tagung Hugo Obermaier Gesellschaft Cologne 2006.,Unknown lab ID
OXAV-222645,3799.0,29.0,bone,,,,-1.8734,51.2028,2.0,,,Shrewton,United Kingdom,,Europe,Bevan2017,,Unknown lab ID
OXAV-222839,3815.0,29.0,bone,,,,-2.2739,57.2289,2.0,,,Kinaldie Cottages,United Kingdom,,Europe,Bevan2017,,Unknown lab ID
OXAV-222840,3734.0,30.0,bone,,,,-1.9736,51.3817,2.0,,,Roundway,United Kingdom,,Europe,Bevan2017,,Unknown lab ID
OXAV-222841,4157.0,29.0,bone,,,,-1.8297,51.4535,2.0,,,Winterbourne Monkton,United Kingdom,,Europe,Bevan2017,,Unknown lab ID
OXAV-222843,3732.0,27.0,bone,,,,-1.7633,51.2447,2.0,,,Netheravon Flying School Fittleton,United Kingdom,,Europe,Bevan2017,,Unknown lab ID
OXAV-222844,3763.0,27.0,bone,,,,-1.7633,51.2447,2.0,,,Netheravon Flying School Fittleton,United Kingdom,,Europe,Bevan2017,,Unknown lab ID
OXAV-222845,3873.0,28.0,bone,,,,-1.7789,51.2918,2.0,,,Upavon flying school,United Kingdom,,Europe,Bevan2017,,Unknown lab ID
OXAV-222846,3718.0,28.0,bone,,,,-1.8296,51.412,2.0,,,West Overton,United Kingdom,,Europe,Bevan2017,,Unknown lab ID
OXAV-222847,3654.0,28.0,bone,,,,-1.8734,51.2028,2.0,,,Shrewton,United Kingdom,,Europe,Bevan2017,,Unknown lab ID
OXAV-222848,3702.0,28.0,bone,,,,-1.8734,51.2028,2.0,,,Shrewton,United Kingdom,,Europe,Bevan2017,,Unknown lab ID
OXAV-223234,1181.0,25.0,tooth,,,,-1.8262,51.1789,2.0,,,Stonehenge Amesbury,United Kingdom,,Europe,Bevan2017,,Unknown lab ID
OXAV-223236,1846.0,26.0,bone,,,,-2.0712,50.9744,2.0,,,Rotherley Down Berwick St John,United Kingdom,,Europe,Bevan2017,,Unknown lab ID
OXAV-223237,3871.0,30.0,bone,,,,-1.8734,51.2028,2.0,,,Shrewton,United Kingdom,,Europe,Bevan2017,,Unknown lab ID
OXAV-223238,3680.0,29.0,bone,,,,-2.8806,56.0115,2.0,,,Kilspindie Aberlady,United Kingdom,,Europe,Bevan2017,,Unknown lab ID
OXAV-223241,4023.0,30.0,bone,,,,-1.8263,51.1789,2.0,,,Durrington Walls Amesbury,United Kingdom,,Europe,Bevan2017,,Unknown lab ID
OXAV-223242,4032.0,30.0,bone,,,,-1.8263,51.1789,2.0,,,Durrington Walls Amesbury,United Kingdom,,Europe,Bevan2017,,Unknown lab ID
OXAV-223243,3515.0,29.0,bone,,,,-1.8263,51.1789,2.0,,,Durrington Walls Amesbury,United Kingdom,,Europe,Bevan2017,,Unknown lab ID
OXAV-223244,3474.0,29.0,bone,,,,-1.8263,51.1789,2.0,,,Durrington Walls Amesbury,United Kingdom,,Europe,Bevan2017,,Unknown lab ID
OXAV-223245,2246.0,28.0,bone,,,,-1.8263,51.1789,2.0,,,Durrington Walls Amesbury,United Kingdom,,Europe,Bevan2017,,Unknown lab ID
OXAV-223246,4169.0,31.0,bone,,,,-1.8261,51.1794,2.0,,,Stonehenge Amesbury,United Kingdom,,Europe,Bevan2017,Marshall 2012,Unknown lab ID
OXAV-223247,4127.0,31.0,bone,,,,-1.8261,51.1794,2.0,,,Stonehenge Amesbury,United Kingdom,,Europe,Bevan2017,Marshall 2012,Unknown lab ID
OXAV-223248,1646.0,27.0,bone,,,,-1.8261,51.1794,2.0,,,Stonehenge Amesbury,United Kingdom,,Europe,Bevan2017,,Unknown lab ID
OXAV-223249,2379.0,28.0,bone,,,,-1.8261,51.1794,2.0,,,Stonehenge Amesbury,United Kingdom,,Europe,Bevan2017,,Unknown lab ID
OXAV-223250,3436.0,30.0,bone,,,,-1.8261,51.1794,2.0,,,Stonehenge Amesbury,United Kingdom,,Europe,Bevan2017,,Unknown lab ID
OXAV-223251,3977.0,31.0,bone,,,,-1.8261,51.1794,2.0,,,Stonehenge Amesbury,United Kingdom,,Europe,Bevan2017,Marshall 2012,Unknown lab ID
OXAV-224334,3785.0,26.0,bone,,,,-2.801,56.5572,2.0,,,Fallows Farm,United Kingdom,,Europe,Bevan2017,,Unknown lab ID
OXAV-224340,3854.0,31.0,bone,,,,-2.8486,57.3317,2.0,,,Upper Ord,United Kingdom,,Europe,Bevan2017,,Unknown lab ID
OXAV-224341,3813.0,30.0,bone,,,,-2.2762,57.1959,2.0,,,Clinterty,United Kingdom,,Europe,Bevan2017,,Unknown lab ID
OXAV-224342,3831.0,28.0,bone,,,,-2.3327,56.9288,2.0,,,Pitdrichie Farm 2 Keabog,United Kingdom,,Europe,Bevan2017,,Unknown lab ID
OXAV-224343,3816.0,29.0,bone,,,,-2.3327,56.9288,2.0,,,Pitdrichie Farm 2 Keabog,United Kingdom,,Europe,Bevan2017,,Unknown lab ID
OXAV-224344,3647.0,29.0,bone,,,,-2.1522,57.1807,2.0,,,Persley Quarry,United Kingdom,,Europe,Bevan2017,,Unknown lab ID
OXAV-224345,3768.0,31.0,bone,,,,-2.3298,57.0726,2.0,,,Park Quarry,United Kingdom,,Europe,Bevan2017,,Unknown lab ID
OXAV-224346,3757.0,29.0,bone,,,,-2.5082,57.3175,2.0,,,Newlands of Oyne,United Kingdom,,Europe,Bevan2017,,Unknown lab ID
OXAV-224347,3795.0,28.0,bone,,,,-2.191,57.3289,2.0,,,Udny Green Home Farm,United Kingdom,,Europe,Bevan2017,,Unknown lab ID
OXAV-224348,3515.0,28.0,bone,,,,-2.1525,57.6568,2.0,,,Auchlin,United Kingdom,,Europe,Bevan2017,,Unknown lab ID
OXAV-224349,3834.0,29.0,bone,,,,-2.2478,57.1635,2.0,,,Borrowstone Kingswells Aberdeen,United Kingdom,,Europe,Bevan2017,,Unknown lab ID
OXAV-224350,3673.0,29.0,bone,,,,-2.25,56.965,2.0,,,Beatties Hill,United Kingdom,,Europe,Bevan2017,,Unknown lab ID
OXAV-224351,3809.0,29.0,bone,,,,-2.161,57.653,2.0,,,Upper Boyndlie,United Kingdom,,Europe,Bevan2017,,Unknown lab ID
OXAV-224352,3829.0,29.0,bone,,,,-2.6586,57.3088,2.0,,,Mains of Leslie,United Kingdom,,Europe,Bevan2017,,Unknown lab ID
OXAV-224353,3675.0,31.0,bone,,,,-2.1239,57.6416,2.0,,,Blackhills Farm,United Kingdom,,Europe,Bevan2017,,Unknown lab ID
OXAV-224354,3777.0,32.0,bone,,,,-2.1821,57.2229,2.0,,,Parkhill Sand Pit,United Kingdom,,Europe,Bevan2017,,Unknown lab ID
OXAV-224356,3723.0,28.0,bone,,,,-2.1821,57.2229,2.0,,,Parkhill Sand Pit,United Kingdom,,Europe,Bevan2017,,Unknown lab ID
OXAV-224357,3819.0,27.0,bone,,,,-2.2349,56.9009,2.0,,,Harveston Cottage Catterline Mearns,United Kingdom,,Europe,Bevan2017,,Unknown lab ID
OXAV-224632,3658.0,26.0,bone,,,,-2.7399,56.7097,2.0,,,Netherton Aberlemno,United Kingdom,,Europe,Bevan2017,,Unknown lab ID
OXAV-224633,3622.0,26.0,bone,,,,-2.8284,56.6489,2.0,,,Murton Forfar,United Kingdom,,Europe,Bevan2017,,Unknown lab ID
OXAV-224634,3785.0,26.0,bone,,,,-2.801,56.5572,2.0,,,Fallows Farm,United Kingdom,,Europe,Bevan2017,,Unknown lab ID
OXAV-224635,3582.0,27.0,bone,,,,-3.1414,56.6434,2.0,,,Mains of Airlie,United Kingdom,,Europe,Bevan2017,,Unknown lab ID
OXAV-224636,3465.0,25.0,bone,,,,-2.8791,56.6403,2.0,,,Newmonthill,United Kingdom,,Europe,Bevan2017,,Unknown lab ID
OXAV-224637,3705.0,26.0,bone,,,,-2.6244,56.6367,2.0,,,Hatton Mill Farm,United Kingdom,,Europe,Bevan2017,,Unknown lab ID
OXAV-224638,3591.0,26.0,bone,,,,-2.7914,56.5004,2.0,,,Balhungie,United Kingdom,,Europe,Bevan2017,,Unknown lab ID
OXAV-224639,3813.0,27.0,bone,,,,-2.1224,57.1975,2.0,,,Mains of Scotstown,United Kingdom,,Europe,Bevan2017,,Unknown lab ID
OXAV-224640,3634.0,26.0,bone,,,,-3.4374,57.6874,2.0,,,Westbank of Roseisle Duffus,United Kingdom,,Europe,Bevan2017,,Unknown lab ID
OXAV-224641,3833.0,28.0,bone,,,,-2.4407,57.2399,2.0,,,Paradise Road,United Kingdom,,Europe,Bevan2017,,Unknown lab ID
OXAV-224745,3668.0,30.0,bone,,,,-3.3585,56.0361,2.0,,,Carrick Drive Dalgety,United Kingdom,,Europe,Bevan2017,,Unknown lab ID
OXAV-224746,3610.0,30.0,bone,,,,-3.3585,56.0361,2.0,,,Carrick Drive Dalgety,United Kingdom,,Europe,Bevan2017,,Unknown lab ID
OXAV-224747,3415.0,29.0,bone,,,,-3.3585,56.0361,2.0,,,Carrick Drive Dalgety,United Kingdom,,Europe,Bevan2017,,Unknown lab ID
OXAV-224748,3695.0,31.0,bone,,,,-4.2404,57.4638,2.0,,,Bught Park,United Kingdom,,Europe,Bevan2017,,Unknown lab ID
OXAV-224749,3634.0,30.0,bone,,,,-3.1322,56.6645,2.0,,,Meikle Kenny,United Kingdom,,Europe,Bevan2017,,Unknown lab ID
OXAV-224750,3806.0,31.0,bone,,,,-3.1563,57.6693,2.0,,,Corbiewells,United Kingdom,,Europe,Bevan2017,,Unknown lab ID
OXAV-224834,1181.0,25.0,tooth,,,,-1.8262,51.1789,2.0,,,Stonehenge Amesbury,United Kingdom,,Europe,Bevan2017,,Unknown lab ID
OXAV-224835,1236.0,25.0,tooth,,,,-1.8262,51.1789,2.0,,,Stonehenge Amesbury,United Kingdom,,Europe,Bevan2017,,Unknown lab ID
OXAV-227121,3640.0,28.0,bone,,,,-1.8734,51.2028,2.0,,,Shrewton,United Kingdom,,Europe,Bevan2017,,Unknown lab ID
OXAV-227123,3709.0,29.0,bone,,,,-1.8734,51.2028,2.0,,,Shrewton,United Kingdom,,Europe,Bevan2017,,Unknown lab ID
OXAV-227124,3811.0,30.0,bone,,,,-1.8734,51.2028,2.0,,,Shrewton,United Kingdom,,Europe,Bevan2017,,Unknown lab ID
OXAV-227128,3156.0,28.0,bone,,,,-3.2726,51.4868,2.0,,,St Fagans,United Kingdom,,Europe,Bevan2017,,Unknown lab ID
OXAV-227129,3550.0,28.0,bone,,,,-3.6562,51.4809,2.0,,,Merthyr Mawr,United Kingdom,,Europe,Bevan2017,,Unknown lab ID
OXAV-227130,3629.0,29.0,bone,,,,-3.6562,51.4809,2.0,,,Merthyr Mawr,United Kingdom,,Europe,Bevan2017,,Unknown lab ID
OXAV-227131,3244.0,29.0,bone,,,,-1.9772,50.9434,2.0,,,Cranborne,United Kingdom,,Europe,Bevan2017,,Unknown lab ID
OXAV-227132,3838.0,28.0,bone,,,,-2.4038,51.0587,2.0,,,Windmill Quarry,United Kingdom,,Europe,Bevan2017,,Unknown lab ID
OXAV-227133,3921.0,30.0,bone,,,,-3.7026,51.218,2.0,,,Culbone Hill Culbone,United Kingdom,,Europe,Bevan2017,,Unknown lab ID
OXAV-227134,3834.0,29.0,bone,,,,-1.9029,51.4042,2.0,,,Hemp Knoll Avebury,United Kingdom,,Europe,Bevan2017,,Unknown lab ID
OXAV-227135,3935.0,32.0,bone,,,,-1.4337,51.1543,2.0,,,Chilbolton,United Kingdom,,Europe,Bevan2017,,Unknown lab ID
OXAV-227136,3791.0,30.0,bone,,,,-1.2949,51.0708,2.0,,,Easton Lane,United Kingdom,,Europe,Bevan2017,,Unknown lab ID
OXAV-227137,3664.0,29.0,bone,,,,1.3895,51.3745,2.0,,,Queen Elizabeth the Queen Mother Hospital,United Kingdom,,Europe,Bevan2017,,Unknown lab ID
OXAV-227138,3806.0,29.0,bone,,,,1.4466,51.3734,2.0,,,Beauforts Broadstairs,United Kingdom,,Europe,Bevan2017,,Unknown lab ID
OXAV-2279,3781.0,31.0,bone,,,,-0.5083,54.0057,2.0,,,Garton Slack,United Kingdom,,Europe,Bevan2017,,Unknown lab ID
OXAV-227933,3668.0,32.0,bone,,,,-0.5083,54.0057,2.0,,,Garton Slack,United Kingdom,,Europe,Bevan2017,,Unknown lab ID
OXAV-227934,3781.0,31.0,bone,,,,-0.5083,54.0057,2.0,,,Garton Slack,United Kingdom,,Europe,Bevan2017,,Unknown lab ID
OXAV-227935,3795.0,33.0,bone,,,,-0.5083,54.0057,2.0,,,Garton Slack,United Kingdom,,Europe,Bevan2017,Maroto J.  2012. QI 247: 15-25.,Unknown lab ID
OXAV-236028,6897.0,34.0,bone,,0,,,,0.0,,,Cingle Mas Nou,Spain,,Europe,CALPAL,Gibaja 2015,Unknown lab ID
OXAV-236029,6925.0,35.0,bone,,0,,,,0.0,,,Cingle Mas Nou,Spain,,Europe,CALPAL,Gibaja 2015,Unknown lab ID
OXAV-239292,7116.0,32.0,bone,,,,-0.8657,38.6373,1.0,,,Casa Corona,Spain,,Europe,Vermeersch2019,,Unknown lab ID
OXAX-102812,4580.0,65.0,ceramic residue (charred),,,,-0.6519,51.4878,2.0,,,Eton Rowing Lake Dorney,United Kingdom,,Europe,Bevan2017,Bronk Ramsey 2009,Unknown lab ID
OXAX-104222,7870.0,60.0,Animal bone sheep-sized fragments,,-17.8,,32.8257,37.6664,3.0,,,Çatalhöyük East,Turkey,,Asia,14SEA,Cessford 2005: 86 Bronk Ramsey et al. 2009: 338 340,Unknown lab ID
OXAX-104513,7850.0,110.0,Animal bone sheep- and cattle-sized fragments,,-18.9,,32.8257,37.6664,3.0,,,Çatalhöyük East,Turkey,,Asia,14SEA,Cessford 2005: 85 Bronk Ramsey et al. 2009: 338 340,Unknown lab ID
OXAX-10459,4610.0,65.0,ceramic residue (charred),,,,-0.6519,51.4878,2.0,,,Eton Rowing Lake Dorney,United Kingdom,,Europe,Bevan2017,Cessford 2005: 85 Bronk Ramsey et al. 2009: 337,Unknown lab ID
OXAX-108407,7190.0,140.0,Inhaled particulate carbon,,-23,,32.8257,37.6664,3.0,,,Çatalhöyük East,Turkey,,Asia,14SEA,Cessford 2005: 85 Bronk Ramsey et al. 2009: 337,Unknown lab ID
OXAX-108408,7330.0,75.0,Inhaled particulate carbon,,-24.7,,32.8257,37.6664,3.0,,,Çatalhöyük East,Turkey,,Asia,14SEA,Cessford 2005: 86 Bronk Ramsey et al. 2009: 337,Unknown lab ID
OXAX-108497,7190.0,140.0,carbon,,-23,,32.8257,37.6664,3.0,,,Catalhöyük East,Turkey,,Asia,CALPAL,Bronk Ramsey 2009,Unknown lab ID
OXAX-203715,3901.0,31.0,bone,,,,-1.2949,51.6721,2.0,,,Spring Road Abingdon,United Kingdom,,Europe,Bevan2017,,Unknown lab ID
OXAX-203716,2281.0,38.0,bone,,,,-1.2949,51.6721,2.0,,,Spring Road Abingdon,United Kingdom,,Europe,Bevan2017,,Unknown lab ID
OXAX-203717,2357.0,26.0,bone,,,,-1.2949,51.6721,2.0,,,Spring Road Abingdon,United Kingdom,,Europe,Bevan2017,,Unknown lab ID
OXAX-203718,2279.0,28.0,bone,,,,-1.2949,51.6721,2.0,,,Spring Road Abingdon,United Kingdom,,Europe,Bevan2017,Whittle 2002,Unknown lab ID
OXAX-204007,6787.0,37.0,bone,,-19.6,,20.9472,47.1793,1.0,,,Ecsegfalva 23,Hungary,,Europe,CALPAL; Vermeersch2019,Whittle 2002,Unknown lab ID
OXAX-204008,6775.0,37.0,bone,,-19.7,,20.9472,47.1793,1.0,,,Ecsegfalva 23,Hungary,,Europe,CALPAL; Vermeersch2019,Whittle 2002,Unknown lab ID
OXAX-204009,6780.0,39.0,bone,,-20.6,,20.9472,47.1793,1.0,,,Ecsegfalva 23,Hungary,,Europe,CALPAL; Vermeersch2019,Whittle 2002,Unknown lab ID
OXAX-20407,6787.0,37.0,collagen bone,,-19.6,,20.91667,47.15,2.0,,,Ecsegfalva,Hungary,,Europe,RADON,Brock et al. 2007,Unknown lab ID
OXAX-20408,6775.0,35.0,collagen bone,,-19.7,,20.91667,47.15,2.0,,,Ecsegfalva,Hungary,,Europe,RADON,Brock et al. 2007,Unknown lab ID
OXAX-20409,6780.0,39.0,collagen bone,,-20.6,,20.91667,47.15,2.0,,,Ecsegfalva,Hungary,,Europe,RADON,Brock et al. 2007,Unknown lab ID
OXAX-205406,7291.0,38.0,carbon,,-23.8,,32.8257,37.6664,3.0,,,Çatalhöyük East,Turkey,,Asia,CALPAL,Bronk Ramsey 2009,Unknown lab ID
OXAX-205811,7160.0,80.0,carbon,,-23.8,,32.8257,37.6664,3.0,,,Çatalhöyük East,Turkey,,Asia,CALPAL,Bronk Ramsey 2009,Unknown lab ID
OXAX-208209,29200.0,360.0,AG fraction on Sample 12 Vi-208,,,,16.088,46.305,1.0,,,Vindija,Croatia,,Europe,Vermeersch2019,Karavanic I. 2005. Journal of Anthropological Research 51 9-35. Ahern J.C.M. et al 2004. JHE 46: 27-67. Wild E.M.  2001. Radiocarbon 43: 1021-1028. Higham C. 2006. PNAS 103: 553-557.,Unknown lab ID
OXAX-213546,4880.0,65.0,carbonised residue,,,,-2.46723,50.6949,2.0,,,Maiden Castle,United Kingdom,,Europe,EUROEVOL,,Unknown lab ID
OXAX-216510,4950.0,40.0,miscellaneous,,-27.7,,-3.58342,50.81693,2.0,,,Raddon Devon,United Kingdom,,Europe,RADON,Whittle et al. 2011 494; Gent/Quinnell 1999,Unknown lab ID
OXAX-217618,7285.0,45.0,bone,,-21.5,,21.9982,44.5645,1.0,,,Lepenski Vir,Serbia,,Europe,CALPAL; Vermeersch2019,Borić  2011,Unknown lab ID
OXAX-217619,7314.0,40.0,bone,,-20.7,,21.9982,44.5645,1.0,,,Lepenski Vir,Serbia,,Europe,CALPAL; Vermeersch2019,Borić  2011,Unknown lab ID
OXAX-2178,2755.0,55.0,ceramic residue (charred)/grain (charred),,,,-2.0833,55.5875,2.0,,,Cheviot Quarry Milfield Basin,United Kingdom,,Europe,Bevan2017,,Unknown lab ID
OXAX-2178142,2785.0,75.0,ceramic residue (charred),,,,-2.0833,55.5875,2.0,,,Cheviot Quarry Milfield Basin,United Kingdom,,Europe,Bevan2017,,Unknown lab ID
OXAX-2178151,2755.0,55.0,grain,,,,-2.0833,55.5875,2.0,,,Cheviot Quarry Milfield Basin,United Kingdom,,Europe,Bevan2017,Nixon 2009,Unknown lab ID
OXAX-218255,4150.0,37.0,bone,,,,-0.2073,52.5731,2.0,,,Elliott Site Fengate,United Kingdom,,Europe,Bevan2017,Street & Terbergen 2000. Thez German Upper Palaeolithic. In: Hunters of the Golden Age: 281-291. Hasaert P.  Trabalhos de Arqueologia 33: 133.  Nigst PR.  2011 L'A i p. Davies W. 2015. QSR ip,Unknown lab ID
OXAX-220436,372.0,25.0,bone,,,,-0.0665,51.5016,2.0,,,Chambers Wharf London,United Kingdom,,Europe,Bevan2017,,Unknown lab ID
OXAX-221031,5048.0,33.0,bone,,,,-5.4944,54.3681,2.0,,,Millin Bay Keentagh,United Kingdom,,Europe,Bevan2017,,Unknown lab ID
OXAX-221215,4740.0,32.0,bone,,,,-5.4944,54.3681,2.0,,,Millin Bay Keentagh,United Kingdom,,Europe,Bevan2017,Caron  2011. PLoS ONE e21545. Zilhao  2011. Before Farming 3,Unknown lab ID
OXAX-222617,2329.0,29.0,tissue (leather),,,,-3.5667,53.019,2.0,,,Cerrigydrudion,United Kingdom,,Europe,Bevan2017,Caron  2011. PLoS ONE e21545. Zilhao  2011. Before Farming 3,Unknown lab ID
OXAX-224541,3720.0,90.0,,,,,0.29600000000000004,16.733,2.0,,,Tin Alhar,Mali,,Africa,ManningTimpson2014,Svoboda J.A.  2008. Petrkovice. On Shouldered Points and Female Figurines. In The Doni Vestonice Studies Brno: 193-223. Bosinski G.. 1995 Quaternary field trips in Ecntral Europe Munchen.,Unknown lab ID
OXAX-225643,5725.0,45.0,bone,,,,27.9167,43.2167,1.0,,,Varna,Bulgaria,,Europe,Vermeersch2019,Courtesy Raiko KrauÔøΩ 2016,Unknown lab ID
OXAX-225644,5610.0,45.0,bone,,,,27.9167,43.2167,1.0,,,Varna,Bulgaria,,Europe,Vermeersch2019,Courtesy Raiko KrauÔøΩ 2016,Unknown lab ID
OXAX-225645,5555.0,45.0,bone,,,,27.9167,43.2167,1.0,,,Varna,Bulgaria,,Europe,Vermeersch2019,Courtesy Raiko KrauÔøΩ 2016,Unknown lab ID
OXAX-225646,5725.0,40.0,bone,,,,27.9167,43.2167,1.0,,,Varna,Bulgaria,,Europe,Vermeersch2019,Courtesy Raiko KrauÔøΩ 2016,Unknown lab ID
OXAX-225647,5860.0,60.0,bone,,,,27.9167,43.2167,1.0,,,Varna,Bulgaria,,Europe,Vermeersch2019,Pollard 2015,Unknown lab ID
OXAX-225654,3148.0,30.0,bone,,,,51.55,35.44,1.0,,,Tepe Pardis,Iran,,Asia,Vermeersch2019,Courtesy Raiko KrauÔøΩ 2016,Unknown lab ID
OXAX-225831,5703.0,36.0,bone,,,,27.9167,43.2167,1.0,,,Varna,Bulgaria,,Europe,Vermeersch2019,Manning K. 2010,Unknown lab ID
OXAX-226414,3687.0,30.0,Ceramic temper,,,,-0.143571,17.163702,2.0,,EB07,Ebelelit,Mali,,Africa,Kay_WestAfrica,Manning K. (2010). A developmental history for early West African agriculture. West African Archaeology : New developments new perspectives. BAR International Series 2164 pp. 43-52. ISBN 978 1 4073 0708 4,Unknown lab ID
OXAX-228411,5637.0,38.0,bone Homo sapiens,,-19.1,,23.2,38.6,1.0,,,Proskynas,Greece,,Europe,14SEA,Higham et al. 2011,Unknown lab ID
OXAX-228725,3687.0,30.0,,,,,0.183,16.933,2.0,,,Ebelelit,Mali,,Africa,ManningTimpson2014,Manning K. 2010,Unknown lab ID
OXAX-232310,3229.0,36.0,charcoal,,-22.5,,49.9262,35.7509,1.0,,,Tepe Sagzabad,Iran,,Asia,CALPAL; Vermeersch2019,Pollard 2011,Unknown lab ID
OXAX-238628,2390.0,40.0,ceramic residue (charred),,,,0.1697,52.1782,2.0,,,East Pit Lime Kiln Road Cherry Hinton,United Kingdom,,Europe,Bevan2017,,Unknown lab ID
OXAX-238632,2370.0,40.0,ceramic residue (charred),,,,0.1697,52.1782,2.0,,,East Pit Lime Kiln Road Cherry Hinton,United Kingdom,,Europe,Bevan2017,,Unknown lab ID
OXAX-238633,2287.0,22.0,charcoal (roundwood),,,,-1.6433,55.0312,2.0,,,West Brunton,United Kingdom,,Europe,Bevan2017,Proslov N.D. Rogachev A.D.(eds.) Palaeolithic at the Koskeni-Borschchevo area on the river Don. 1879) 1979 (results of field investigation). Leningrad 1982 (in russian). Marom   2012. PNAS 109: 6878-6881,Unknown lab ID
OXAX-241539,3858.0,28.0,charcoal,,,,0.6749,52.4761,2.0,,,Grime's Graves,United Kingdom,,Europe,Bevan2017,,Unknown lab ID
OXAX-241543,3974.0,25.0,charcoal,,,,0.6749,52.4761,2.0,,,Grime's Graves,United Kingdom,,Europe,Bevan2017,Villa P. Soriano S. Tsanova T. Degano I. Higham T.F. d’Errico F. Backwell L. Lucejko J.J. Colombini M.P. and Beaumont P.B. 2012. Border cave and the beginning of the later stone age in South Africa.Proceedings of the National Academy of Sciences109(33) pp.13208-13213.,Unknown lab ID
OXAX-241847,35750.0,500.0,other,,,,31.983,-27.017,2.0,,,Border Cave,South Africa,,Africa,SARD,Higham et al. 2015,Unknown lab ID
OXAX-244641,4543.0,31.0,,,-29.17,,32.7286,25.915,1.0,,,Naqada,Egypt,,Africa,CALPAL; Vermeersch2019,,Unknown lab ID
OXAX-245552,35410.0,360.0,other,,,,31.983,-27.017,2.0,,,Border Cave,South Africa,,Africa,SARD,Oxford Egypt Database May 2015,Unknown lab ID
OXAX-245747,5293.0,35.0,bone,,0,,31.24,26.59,1.0,,,El-Badari,Egypt,,Africa,CALPAL; Vermeersch2019,,Unknown lab ID
OXAX-245748,5037.0,38.0,bone,,0,,31.24,26.59,1.0,,,El-Badari,Egypt,,Africa,CALPAL; Vermeersch2019,,Unknown lab ID
OXAX-245749,4749.0,34.0,other,,-20.12,,32.7286,25.915,1.0,,,Naqada,Egypt,,Africa,CALPAL,,Unknown lab ID
OXAX-245750,4843.0,37.0,other,,-19.48,,32.7286,25.915,1.0,,,Naqada,Egypt,,Africa,CALPAL; Vermeersch2019,,Unknown lab ID
OXAX-245751,4802.0,34.0,other,,-19.21,,32.7286,25.915,1.0,,,Naqada,Egypt,,Africa,CALPAL,,Unknown lab ID
OXAX-245847,4746.0,29.0,other,,-19.29,,32.7286,25.915,1.0,,,Naqada,Egypt,,Africa,CALPAL; Vermeersch2019,,Unknown lab ID
OXAX-245848,4686.0,29.0,other,,-18.53,,32.7286,25.915,1.0,,,Naqada,Egypt,,Africa,CALPAL,,Unknown lab ID
OXAX-246048,8905.0,70.0,charcoal,,,,27.816999999999997,-29.316999999999997,2.0,,,Ntloana TEcoana,Lesotho,,Africa,SARD,Roberts P. Lee-Thorp J.A. Mitchell P.J. and Arthur C. 2013. Stable carbon isotopic evidence for climate change across the late Pleistocene to early Holocene from Lesotho southern Africa.Journal of Quaternary Science28(4) pp.360-369.,Unknown lab ID
OXAX-246049,11830.0,90.0,charcoal,,,,27.816999999999997,-29.316999999999997,2.0,,,Ntloana TEcoana,Lesotho,,Africa,SARD,Birel S.  2015. Environmental Archaeology 20: 30-40. Vukosavljevid N. A C T A A R C H A E O L O G I C A C A R P A T H I C A VOL. LII 2017: 5-21.,Unknown lab ID
OXAX-246222,12510.0,55.0,,,,,14.047220000000001,45.39222,2.0,,,Nugljanska Cave,Croatia,,Europe,Silva_VanderLinden_2017,Birel S.  2015. Environmental Archaeology 20: 30-40. Vukosavljevid N. A C T A A R C H A E O L O G I C A C A R P A T H I C A VOL. LII 2017: 5-21.,Unknown lab ID
OXAX-246226,11160.0,50.0,,,,,14.047220000000001,45.39222,2.0,,,Nugljanska Cave,Croatia,,Europe,Silva_VanderLinden_2017,Nalawade 2014 PLoS ONE 9(1): e76896. doi:10.1371/journal.pone.0076896,Unknown lab ID
OXAX-24656,3740.0,30.0,tooth,,,,-6.2772,49.9589,2.0,,,Par Beach St Martins isles of Scilly,United Kingdom,,Europe,Bevan2017,,Unknown lab ID
OXAX-246833,5195.0,75.0,charcoal,,,,22.3825,36.6383,1.0,,,Alepotrypa Diros,Greece,,Europe,Vermeersch2019,Bonneau A. Staff R.A. Higham T. Brock F. Pearce D.G. and Mitchell P.J. 2017. Successfully dating rock art in southern Africa using improved sampling methods and new characterization and pretreatment protocols.Radiocarbon59(3) pp.659-677.,Unknown lab ID
OXAX-247048,390.0,70.0,other,,,,27.8,-29.333000000000002,2.0,,,Ha Makotoko,Lesotho,,Africa,SARD,Bonneau A. Staff R.A. Higham T. Brock F. Pearce D.G. and Mitchell P.J. 2017. Successfully dating rock art in southern Africa using improved sampling methods and new characterization and pretreatment protocols.Radiocarbon59(3) pp.659-677.,Unknown lab ID
OXAX-247049,300.0,65.0,other,,,,27.8,-29.333000000000002,2.0,,,Ha Makotoko,Lesotho,,Africa,SARD,,Unknown lab ID
OXAX-247357,4582.0,29.0,other,,-24.24,,,,0.0,,,Ballas,Egypt,,Africa,CALPAL,,Unknown lab ID
OXAX-247855,8530.0,45.0,bone,,,,22.605,44.626999999999995,2.0,,,Schela Cladovei,Romania,,Europe,Silva_VanderLinden_2017,Nalawade-Chavan et al. 2013,Unknown lab ID
OXAX-247856,8505.0,25.0,bone,,,,22.605,44.626999999999995,2.0,,,Schela Cladovei,Romania,,Europe,Silva_VanderLinden_2017,Nalawade-Chavan et al. 2013,Unknown lab ID
OXAX-247857,8395.0,40.0,bone,,,,22.605,44.626999999999995,2.0,,,Schela Cladovei,Romania,,Europe,Silva_VanderLinden_2017,Nalawade-Chavan et al. 2013,Unknown lab ID
OXAX-247938,8460.0,45.0,bone,,,,22.605,44.626999999999995,2.0,,,Schela Cladovei,Romania,,Europe,Silva_VanderLinden_2017,Langlais M.  2015. BSPF 112: 5-58. Barshay-Szmidt C.  Quaternary International 414 (2016) 62-91.,Unknown lab ID
OXAX-248526,4785.0,32.0,tissue,,-22.08,,32.7286,25.915,1.0,,,Naqada,Egypt,,Africa,CALPAL; Vermeersch2019,,Unknown lab ID
OXAX-248527,1179.0,25.0,hair,,-23.56,,32.7286,25.915,1.0,,,Naqada,Egypt,,Africa,CALPAL,,Unknown lab ID
OXAX-249527,470.0,90.0,other,,,,27.8,-29.333000000000002,2.0,,,Ha Makotoko,Lesotho,,Africa,SARD,,Unknown lab ID
OXAX-249755,4377.0,31.0,bone,,-18.15,,31.8833,26.1833,1.0,,,Abydos Umm el-Qa'ab,Egypt,,Africa,CALPAL,,Unknown lab ID
OXAX-25047,6929.0,39.0,antler,,,,21.101,43.72,2.0,,,Blagotin-Poljna,Serbia,,Europe,Silva_VanderLinden_2017,Orton n.d.,Unknown lab ID
OXAX-25048,7045.0,40.0,bone,,,,21.101,43.72,2.0,,,Blagotin-Poljna,Serbia,,Europe,Silva_VanderLinden_2017,Oross et al. 2016,Unknown lab ID
OXAX-250850,5815.0,35.0,bone,,,,18.703,46.21,2.0,,,Alsónyék – Bátaszék,Hungary,,Europe,Silva_VanderLinden_2017,Skerlj B. 1955. Journal of Anthropological Research: 10. Moreau L.  JHE 78: 158-180.,Unknown lab ID
OXAX-255526,575.0,75.0,other,,,,27.8,-29.333000000000002,2.0,,,Ha Makotoko,Lesotho,,Africa,SARD,Bonneau A. Staff R.A. Higham T. Brock F. Pearce D.G. and Mitchell P.J. 2017. Successfully dating rock art in southern Africa using improved sampling methods and new characterization and pretreatment protocols.Radiocarbon59(3) pp.659-677.,Unknown lab ID
OXAX-255539,410.0,130.0,other,,,,27.8,-29.333000000000002,2.0,,,Ha Makotoko,Lesotho,,Africa,SARD,Bonneau A. Staff R.A. Higham T. Brock F. Pearce D.G. and Mitchell P.J. 2017. Successfully dating rock art in southern Africa using improved sampling methods and new characterization and pretreatment protocols.Radiocarbon59(3) pp.659-677.,Unknown lab ID
OXAX-255540,760.0,120.0,other,,,,27.8,-29.333000000000002,2.0,,,Ha Makotoko,Lesotho,,Africa,SARD,Oross et al. 2016,Unknown lab ID
OXAX-258319,6906.0,34.0,bone,,,,18.703,46.21,2.0,,,Alsónyék – Bátaszék,Hungary,,Europe,Silva_VanderLinden_2017,Higham et al. 2015,Unknown lab ID
OXAX-258627,6625.0,40.0,bone,,,,18.703,46.21,2.0,,,Alsónyék – Bátaszék,Hungary,,Europe,Silva_VanderLinden_2017,Oross et al. 2016,Unknown lab ID
OXAX-258714,6230.0,35.0,bone,,,,18.703,46.21,2.0,,,Alsónyék – Bátaszék,Hungary,,Europe,Silva_VanderLinden_2017,Higham et al. 2015,Unknown lab ID
OXAX-2621,4557.0,28.0,tooth,,,,10.379000000000001,45.26,1.0,,,Remedello,Italy,,Europe,Vermeersch2019,,Unknown lab ID
OXAX-26219,6765.0,38.0,bone,,,,22.4239,37.0552,1.0,,,Kouphovouno,Greece,,Europe,Vermeersch2019,Petillon J.-M.  2015. QI 364: 126-143. Barshay-Szmidt C.  Quaternary International 414 (2016) 62-91.,Unknown lab ID
OXAX-271627,2878.0,34.0,Charcoal,,,,-67.62941,5.640551,2.0,,,Picure,Venezuela,,South America,RirisArroyoKalin2019,Pettitt P. 1999. Oxford Journal of Archaeology 18: 217-241. Dinnis R.  Journal of Human Evolution Volume 127  2019 Pages 21-40,Unknown lab ID
OXAX-273419SR7599,11020.0,45.0,BONE,antler rod note: 4 dates on same sample,-19.2,AMS,-110.5268476,45.48834969,1.0,,24PA506,Anzick,USA,Montana,North America,UWyo2021,Becerra-Valdivia et al. 2018 Reassessing the chronology of the archaeological site of Anzick,Unknown lab ID
OXAX-273420SR7602,11070.0,45.0,BONE,antler rod note: 4 dates on same sample,-18.1,AMS,-110.5268476,45.48834969,1.0,,24PA506,Anzick,USA,Montana,North America,UWyo2021,Becerra-Valdivia et al. 2018 Reassessing the chronology of the archaeological site of Anzick,Unknown lab ID
OXAX-273611,11055.0,50.0,BONE,Mammoth collagen hydroxyproline,-13.6,AMS,-104.3926119,40.55491028,1.0,,5WL269,Dent,USA,Colorado,North America,UWyo2021,Deviese et al. 2018-Increasing accuracy for the radiocarbon dating of sites occupied by the first Americans,Unknown lab ID
OXAX-273612,11155.0,50.0,BONE,Mammoth collagen hydroxyproline,-18,AMS,-104.3926119,40.55491028,1.0,,5WL269,Dent,USA,Colorado,North America,UWyo2021,Deviese et al. 2018-Increasing accuracy for the radiocarbon dating of sites occupied by the first Americans,Unknown lab ID
OXAX-273614,11035.0,50.0,BONE,Hydroxyproline,-22.7,AMS,-105.50718059999998,42.97242286,1.0,,48CO1401,La Prele Mammoth,USA,Wyoming,North America,UWyo2021,Mackie et al 2020-Confirmation A Cultural Association At The La Prele…,Unknown lab ID
OXAX-273955SR7599,10900.0,50.0,BONE,antler rod note: 4 dates on same sample,-21.2,AMS,-110.5268476,45.48834969,1.0,,24PA506,Anzick,USA,Montana,North America,UWyo2021,Becerra-Valdivia et al. 2018 Reassessing the chronology of the archaeological site of Anzick,Unknown lab ID
OXAX-273956SR7602,11050.0,55.0,BONE,antler rod note: 4 dates on same sample,-21.4,AMS,-110.5268476,45.48834969,1.0,,24PA506,Anzick,USA,Montana,North America,UWyo2021,Becerra-Valdivia et al. 2018 Reassessing the chronology of the archaeological site of Anzick,Unknown lab ID
OXAX-279241,9110.0,50.0,BONE,,-19.5,AMS,-115.46756090000002,45.84424794,1.0,,10IH73,Cooper's Ferry,USA,Idaho,North America,UWyo2021,Davis et al. 2019-Late Upper Paleolithic occupation at Cooper's Ferry,Unknown lab ID
OXAX-279242,13165.0,70.0,BONE,,-19.8,AMS,-115.46756090000002,45.84424794,1.0,,10IH73,Cooper's Ferry,USA,Idaho,North America,UWyo2021,Davis et al. 2019-Late Upper Paleolithic occupation at Cooper's Ferry,Unknown lab ID
OXAX-279243,10050.0,60.0,BONE,,-20.5,AMS,-115.46756090000002,45.84424794,1.0,,10IH73,Cooper's Ferry,USA,Idaho,North America,UWyo2021,Davis et al. 2019-Late Upper Paleolithic occupation at Cooper's Ferry,Unknown lab ID
OXAX-279245,11630.0,80.0,BONE,,-20.4,AMS,-115.46756090000002,45.84424794,1.0,,10IH73,Cooper's Ferry,USA,Idaho,North America,UWyo2021,Davis et al. 2019-Late Upper Paleolithic occupation at Cooper's Ferry,Unknown lab ID
OXAX-279248,12830.0,65.0,BONE,,-21,AMS,-115.46756090000002,45.84424794,1.0,,10IH73,Cooper's Ferry,USA,Idaho,North America,UWyo2021,Davis et al. 2019-Late Upper Paleolithic occupation at Cooper's Ferry,Unknown lab ID
OXAX-80610,4280.0,60.0,ceramic residue,,,,-2.2159,50.9096,2.0,,,Hambledon Hill,United Kingdom,,Europe,Bevan2017,,Unknown lab ID
OXAX-80611,4550.0,90.0,ceramic residue,,,,-2.2159,50.9096,2.0,,,Hambledon Hill,United Kingdom,,Europe,Bevan2017,,Unknown lab ID
OXAX-80712,4780.0,80.0,ceramic residue,,,,-2.2159,50.9096,2.0,,,Hambledon Hill,United Kingdom,,Europe,Bevan2017,,Unknown lab ID
OXAX-80713,4840.0,60.0,ceramic residue,,,,-2.2159,50.9096,2.0,,,Hambledon Hill,United Kingdom,,Europe,Bevan2017,Whittle et al. 2002,Unknown lab ID
OXAX-84910,4540.0,80.0,ceramic residue,,,,-2.2159,50.9096,2.0,,,Hambledon Hill,United Kingdom,,Europe,Bevan2017,,Unknown lab ID
OXAX-92230,7680.0,70.0,bone,,,,20.301,46.283,2.0,,,Maroslele-Pana,Hungary,,Europe,Silva_VanderLinden_2017,Jacobi R.  2006. JQS 21: 557-573.,Unknown lab ID
PABO-83,9152.0,42.0,charcoal,,,,-73.0,-16.333333,1.0,,,Panam Km,Peru,,South America,Goldberg_2016; Pratesetal2020,Gayo E. M. Latorre C. Santoro C. M. (2015). Timing of occupation and regional settlement patterns revealed by time-series analyses of an archaeological radiocarbon database for the South-Central Andes (16-25S). Quaternary International 356 4-14.,Unknown lab ID
PTAMC-1225,5000.0,200.0,,,,,7.78,35.18,2.0,,,Ain Misteheyia,Algeria,,Africa,Kay_WestAfrica,Manning K Timpson A. (2014). The Demographic response to Holocene climate change in the Sahara. Quaternary Science Revie,Unknown lab ID
PTAMC-1255,5000.0,200.0,human collagen,,-18.7,,7.765,35.1942,3.0,,,Aïn Misteheyia,Algeria,,Africa,MedAfriCarbon,Ziolkowski M. S. Pazdur M. Krzanowski A. & Michczynski A. (1994). Andes radiocarbon database for Bolivia Ecuador and Peru. Varsovia-Gliwice Andean archaeological mission of the Institute of Archaeology/Warsaw University & Gliwice Radiocarbon Laboratory of the Institute of Physics Silesian Technical University.,Unknown lab ID
QAM-85B2A,5990.0,75.0,charcoal,,,,-8.8,39.01667,2.0,,,Cabeço da Amoreira,Portugal,,Europe,RADON,,Unknown lab ID
QAM-85B2B,5990.0,75.0,charcoal,,,,-8.8,39.01667,2.0,,,Cabeço da Amoreira,Portugal,,Europe,RADON,,Unknown lab ID
QCND-1,6600.0,370.0,apatite,,,Radiometric,-63.0667,-20.8667,3.0,,,Ñuapua Ñuagapua,Bolivia,,South America,Capriles_&_Albarracin-Jordan_2013,MacFadden & Wolff 1981:776,Unknown lab ID
QCND-2,7200.0,400.0,apatite,,,Radiometric,-63.0667,-20.8667,3.0,,,Ñuapua Ñuagapua,Bolivia,,South America,Capriles_&_Albarracin-Jordan_2013,MacFadden & Wolff 1981:776,Unknown lab ID
RCB-1525,7380.0,130.0,,,0,,3.865,47.617,1.0,,,Grotte du Renne Arcy-sur-Cure,France,,Europe,CALPAL,,Unknown lab ID
RIDDLNA-1,3350.0,130.0,charcoal; charbon de bois,,,,-116.48128590000002,52.54241009,1.0,,,Mountain Creek site (1073R),Canada,Alberta,North America,CARD,Head 1987; Porter et al. 1988; Wilson 1987,Unknown lab ID
RIDDLNA-2,6620.0,120.0,charcoal; charbon de bois,,,,-116.48128590000002,52.54241009,1.0,,,Mountain Creek site (1073R),Canada,Alberta,North America,CARD,Spangler 2000,Unknown lab ID
SANU-30232,1560.0,77.0,Bone,,,,-70.334806,-18.754722,2.0,,,Caleta Vitor 6,Chile,,South America,SCAR,Swift et al. 2015,Unknown lab ID
SANU-30233,1000.0,25.0,Bone,,,,-70.334806,-18.754722,2.0,,,Caleta Vitor 6,Chile,,South America,SCAR,Swift et al. 2015,Unknown lab ID
SANU-30739,1848.0,25.0,Bone,,,,-70.334806,-18.754722,2.0,,,Caleta Vitor 6,Chile,,South America,SCAR,Wringler D.  2014. Antiquity 88: 30-46.,Unknown lab ID
SANU-33420,990.0,39.0,Bone,,,,-70.334806,-18.754722,2.0,,,Caleta Vitor 3,Chile,,South America,SCAR,Wringler D.  2014. Antiquity 88: 30-46.,Unknown lab ID
SEVA-26506,43369.0,291.0,bone,,,,0.9379,44.9518,1.0,,,Ferrassie,France,,Europe,Vermeersch2019,Guerin G.  2015. JAS ip,Unknown lab ID
SEVA-26507,42153.0,652.0,bone,,,,0.9379,44.9518,1.0,,,Ferrassie,France,,Europe,Vermeersch2019,Guerin G.  2015. JAS ip,Unknown lab ID
SEVA-26508,42367.0,678.0,bone Coelodonta antiquitatis Linty,,,,0.9379,44.9518,1.0,,,Ferrassie,France,,Europe,Vermeersch2019,Guerin G.  2015. JAS  ip,Unknown lab ID
SEVA-26510,37379.0,382.0,bone,,,,0.9379,44.9518,1.0,,,Ferrassie,France,,Europe,Vermeersch2019,Cannon 1991;  Nelson and Hobson 1982;  Rutherford et al. 1984;  Chisholm 1986;  Hobson and Nelson 1984;  Cannon et al. 1999;  Carlson 1991 1996,Unknown lab ID
SFUNA-1,2000.0,70.0,bison bone collagen; collagène osseux de bison,,,,-125.98577759999998,50.78902966,1.0,,,Bird's Eye Cove Shelter,Canada,,North America,CARD,Ball 1979 1981;  Wilmeth 1978a;  Mitchell 1971a;  Brolly 1997;  Burley 1980;  Chisholm 1986;  Ham 1981;  Matson and Coupland 1995;  Matson et al. 1980;  Fairhall et al. 1966,Unknown lab ID
SFUNA-2,1390.0,25.0,charcoal; charbon de bois,,,,-122.5945497,49.9873037,1.0,,,Beach GroveTsawwassen,Canada,,North America,CARD,Hutchinson 1992;  Skinner 1991;  Skinner and Thatcher 1988,Unknown lab ID
SFUNA-3,900.0,60.0,charcoal; charbon de bois,,,,-125.98577759999998,50.78902966,1.0,,,False Narrows,Canada,,North America,CARD,Grier et al. 2009,Unknown lab ID
SFUNA-4,5490.0,80.0,charcoal; charbon de bois,,,,-125.98577759999998,50.78902966,1.0,,,Valdes Island,Canada,,North America,CARD,CONTEXT after Hole et al. 1969; Marshall 2012,Unknown lab ID
SNA-2,965.0,195.0,bison bone collagen; collagène osseux de bison,,-20,,-107.73946049999999,50.12014304,1.0,,,Sheep Creek,Canada,Saskatchewan,North America,CARD,Buvit I.  QI 2011. Kuzmin. 2014.Radiocarbon 56: 717-722. Kuzmin Y.V. 2003. The Review of Archaeology 24: 37-45. Kuzmin YK. Documenta Praehistorica XLII (2015)  H. Sato D. Natsuki / Quaternary International 441 (2017) 12-28,Unknown lab ID
TUCSONAA-75023,5771.0,43.0,charred plant macrofossils,,,,6.645,47.542,2.0,,,La Baume Gonvillars,France,,Europe,EUROEVOL,,Unknown lab ID
UAND-1,4865.0,90.0,charcoal,,,,,,0.0,,,Hirumugarrieta 2,Spain,,Europe,Vermeersch2019,Larsson 2019,Unknown lab ID
UAND-3,4955.0,85.0,charcoal,,,,,,0.0,,,Hirumugarrieta 2,Spain,,Europe,Vermeersch2019,Utrilla P.  2012. QI. Doi: 1016/j.quaint.2012.04.024. https://sites.google.com/ehu.eus/c14peninsulaiberica/dataciones-14,Unknown lab ID
UAND-4,17025.0,95.0,,,,,0.833,42.75,1.0,,,Legintxiki,Spain,,Europe,Vermeersch2019,Utrilla P.  2012. QI. Doi: 1016/j.quaint.2012.04.024. https://sites.google.com/ehu.eus/c14peninsulaiberica/dataciones-14,Unknown lab ID
UAND-5,20460.0,110.0,,,,,0.833,42.75,1.0,,,Legunova,Spain,,Europe,Vermeersch2019,Arrizabalaga A. 2007- 2 008. VELEIA 24-25: 425-443 ,Unknown lab ID
UAND-6,31000.0,835.0,charcoal,,,,-1.8905,43.2706,1.0,,,Aitzbitarte III,Spain,,Europe,Vermeersch2019,,Unknown lab ID
UCDC-01,4240.0,60.0,wood,,,,-9.86929,54.2435,2.0,,,Inver,Ireland,,Europe,EUROEVOL,,Unknown lab ID
UCDC-02,4340.0,60.0,wood,,,,-8.31795,54.1449,2.0,,,Aghoo,Ireland,,Europe,EUROEVOL,,Unknown lab ID
UCDC-04,4480.0,60.0,wood,,,,-9.533339999999999,54.2974,2.0,,,Belderg More,Ireland,,Europe,EUROEVOL,,Unknown lab ID
UCDC-05,4250.0,60.0,wood,,,,-9.80494,54.2558,2.0,,,Carnhill,Ireland,,Europe,EUROEVOL,,Unknown lab ID
UCDC-07,3330.0,50.0,wood,,,,-9.48625,53.9723,2.0,,,Belderg Beg,Ireland,,Europe,EUROEVOL,,Unknown lab ID
UCDC-11,4010.0,60.0,wood,,,,-9.533339999999999,54.2974,2.0,,,Belderg More,Ireland,,Europe,EUROEVOL,,Unknown lab ID
UCDC-12,3950.0,60.0,wood,,,,-8.31795,54.1449,2.0,,,Aghoo,Ireland,,Europe,EUROEVOL,,Unknown lab ID
UCDC-13,3990.0,60.0,wood,,,,-9.87727,54.2058,2.0,,,Muings,Ireland,,Europe,EUROEVOL,,Unknown lab ID
UCDC-14,4310.0,70.0,wood,,,,-9.533339999999999,54.2974,2.0,,,Belderg More,Ireland,,Europe,EUROEVOL,,Unknown lab ID
UCDC-16,4490.0,60.0,wood,,,,-9.65135,54.2427,2.0,,,Bunalty,Ireland,,Europe,EUROEVOL,,Unknown lab ID
UCDC-18,4150.0,60.0,wood,,,,-9.533339999999999,54.2974,2.0,,,Belderg More,Ireland,,Europe,EUROEVOL,,Unknown lab ID
UCDC-19,4530.0,60.0,wood,,,,-9.8534,54.2386,2.0,,,Gortmellia (Erris Bay),Ireland,,Europe,Bevan2017; EUROEVOL; RADON,,Unknown lab ID
UCDC-20,4230.0,60.0,wood,,,,-8.57974,54.228,1.0,,,Carrowmore,Ireland,,Europe,EUROEVOL; RADON,,Unknown lab ID
UCDC-21,4490.0,60.0,wood,,,,-9.42961,54.2805,2.0,,,Ballyknock,Ireland,,Europe,EUROEVOL,,Unknown lab ID
UCDC-22,4210.0,60.0,wood,,,,-8.31795,54.1449,2.0,,,Aghoo,Ireland,,Europe,EUROEVOL,,Unknown lab ID
UCDC-23,4540.0,60.0,wood,,,,-9.42961,54.2805,2.0,,,Ballyknock,Ireland,,Europe,EUROEVOL,,Unknown lab ID
UCDC-24,4440.0,60.0,wood,,,,-6.22778,54.1559,2.0,,,Annagh Beg,United Kingdom,,Europe,EUROEVOL,,Unknown lab ID
UCDC-25,4460.0,60.0,wood,,,,-9.48625,53.9723,2.0,,,Glencullin,Ireland,,Europe,EUROEVOL,,Unknown lab ID
UCDC-26,4350.0,60.0,wood,,,,-6.22778,54.1559,2.0,,,Annagh More,United Kingdom,,Europe,EUROEVOL,,Unknown lab ID
UCDC-27,4170.0,50.0,wood,,,,-8.31795,54.1449,2.0,,,Aghoo,Ireland,,Europe,EUROEVOL,,Unknown lab ID
UCDC-28,4230.0,60.0,wood,,,,-9.42961,54.2805,2.0,,,Ballyknock,Ireland,,Europe,EUROEVOL,,Unknown lab ID
UCDC-29,4510.0,50.0,wood,,,,-9.42961,54.2805,2.0,,,Ballyknock,Ireland,,Europe,RADON,,Unknown lab ID
UCDC-30,4190.0,50.0,wood,,,,-8.31795,54.1449,2.0,,,Aghoo,Ireland,,Europe,EUROEVOL,,Unknown lab ID
UCDC-31,4510.0,50.0,wood,,,,-9.48625,53.9723,2.0,,,Belderg Beg,Ireland,,Europe,EUROEVOL,,Unknown lab ID
UCDC-33,4100.0,60.0,wood,,,,-8.31795,54.1449,2.0,,,Aghoo,Ireland,,Europe,EUROEVOL,,Unknown lab ID
UCDC-34,3950.0,60.0,wood,,,,-9.42961,54.2805,2.0,,,Ballyknock,Ireland,,Europe,EUROEVOL,,Unknown lab ID
UCDC-35,4440.0,50.0,wood,,,,-9.86083,54.2682,2.0,,,Graghil,Ireland,,Europe,EUROEVOL,,Unknown lab ID
UCDC-36,3090.0,50.0,wood,,,,-10.0093,54.2689,2.0,,,Gortbrack North (Erris Bay),Ireland,,Europe,Bevan2017; EUROEVOL; RADON,,Unknown lab ID
UCDC-37,4500.0,50.0,wood,,,,-9.42961,54.2805,2.0,,,Ballyknock,Ireland,,Europe,EUROEVOL,,Unknown lab ID
UCDC-38,3820.0,60.0,wood,,,,-6.22778,54.1559,2.0,,,Annagh Beg,United Kingdom,,Europe,EUROEVOL,,Unknown lab ID
UCDC-41,6720.0,90.0,wood,,,,-9.799389999999999,54.2461,2.0,,,Muingerroon,Ireland,,Europe,EUROEVOL,,Unknown lab ID
UCDC-42,4530.0,60.0,wood,,,,-9.4365,54.2997,2.0,,,Glenurla,Ireland,,Europe,Bevan2017,,Unknown lab ID
UCDC-43,4080.0,60.0,wood,,,,-9.799389999999999,54.2461,2.0,,,Muingerroon,Ireland,,Europe,EUROEVOL,,Unknown lab ID
UCDC-44,5370.0,70.0,wood,,,,-9.458,54.3052,2.0,,,Glenurla,Ireland,,Europe,Bevan2017; EUROEVOL; RADON,,Unknown lab ID
UCDC-45,4450.0,60.0,wood,,,,-8.41686,54.1314,2.0,,,Behy,Ireland,,Europe,EUROEVOL,,Unknown lab ID
UCDC-46,5710.0,90.0,peat,,,,-9.59,54.3132,2.0,,,Geevraun,Ireland,,Europe,EUROEVOL,,Unknown lab ID
UCDC-47,4210.0,60.0,wood,,,,-9.59,54.3132,2.0,,,Geevraun,Ireland,,Europe,Bevan2017; EUROEVOL; RADON,,Unknown lab ID
UCDC-48,7530.0,100.0,wood,,,,-9.91745,54.0737,2.0,,,Tullaghanbaun,Ireland,,Europe,EUROEVOL,,Unknown lab ID
UCDC-49,4580.0,60.0,wood,,,,-9.533339999999999,54.2974,2.0,,,Belderg More,Ireland,,Europe,EUROEVOL,,Unknown lab ID
UCDC-50,4440.0,60.0,wood,,,,-6.22778,54.1559,2.0,,,Annagh More,United Kingdom,,Europe,EUROEVOL,,Unknown lab ID
UCDC-51,4500.0,60.0,wood,,,,-8.41686,54.1314,2.0,,,Behy,Ireland,,Europe,EUROEVOL,,Unknown lab ID
UCDC-52,4070.0,60.0,wood,,,,-9.9152,54.0718,2.0,,,Tullaghanbaun,Ireland,,Europe,Bevan2017,,Unknown lab ID
UCDC-54,8660.0,130.0,peat,,,,-9.91745,54.0737,2.0,,,Tullaghanbaun,Ireland,,Europe,EUROEVOL,,Unknown lab ID
UCDC-57,4420.0,50.0,wood,,,,-8.41686,54.1314,2.0,,,Behy,Ireland,,Europe,EUROEVOL,,Unknown lab ID
UCDC-58,3960.0,60.0,wood,,,,-9.48625,53.9723,2.0,,,Belderg Beg,Ireland,,Europe,EUROEVOL,,Unknown lab ID
UCDC-60,3930.0,50.0,wood,,,,-9.48625,53.9723,2.0,,,Belderg Beg,Ireland,,Europe,EUROEVOL,,Unknown lab ID
UGAMSA-22339,5212.0,32.0,CHARCOAL,,,AMS,-80.61715219,27.69243721,1.0,,8IR9,Vero,USA,Florida,North America,UWyo2021,Adovasio et al. 2019- What we learned at the Old Vero Site,Unknown lab ID
UGAMSA-25574,1951.0,23.0,TEXTILE,basket fragment,,AMS,-117.6325835,37.78497618,1.0,,26EK3682,Bonneville Estates,USA,Nevada,North America,UWyo2021,,Unknown lab ID
UGAMSA-26672,2103.0,23.0,TEXTILE,basket fragment,,AMS,-117.6325835,37.78497618,1.0,,26EK3682,Bonneville Estates,USA,Nevada,North America,UWyo2021,,Unknown lab ID
UGAMSA-26673,1850.0,23.0,TEXTILE,basket fragment,,AMS,-117.6325835,37.78497618,1.0,,26EK3682,Bonneville Estates,USA,Nevada,North America,UWyo2021,,Unknown lab ID
UGAMSA-26675,2119.0,23.0,TEXTILE,basket fragment,,AMS,-117.6325835,37.78497618,1.0,,26EK3682,Bonneville Estates,USA,Nevada,North America,UWyo2021,,Unknown lab ID
UGAMSA-26677,1816.0,23.0,TEXTILE,basket fragment,,AMS,-117.6325835,37.78497618,1.0,,26EK3682,Bonneville Estates,USA,Nevada,North America,UWyo2021,,Unknown lab ID
UGAMSA-26678,3307.0,24.0,TEXTILE,basket fragment,,AMS,-117.6325835,37.78497618,1.0,,26EK3682,Bonneville Estates,USA,Nevada,North America,UWyo2021,,Unknown lab ID
UGAMSA-26679,1855.0,23.0,TEXTILE,basket fragment,,AMS,-117.6325835,37.78497618,1.0,,26EK3682,Bonneville Estates,USA,Nevada,North America,UWyo2021,,Unknown lab ID
UGAMSA-26680,6160.0,40.0,TEXTILE,Plant fiber,,AMS,-117.6325835,37.78497618,1.0,,26EK3682,Bonneville Estates,USA,Nevada,North America,UWyo2021,,Unknown lab ID
UGAMSA-26681,3269.0,24.0,TEXTILE,bead string,,AMS,-117.6325835,37.78497618,1.0,,26EK3682,Bonneville Estates,USA,Nevada,North America,UWyo2021,,Unknown lab ID
UGAMSA-26683,6190.0,50.0,TEXTILE,basket fragment,,AMS,-117.6325835,37.78497618,1.0,,26EK3682,Bonneville Estates,USA,Nevada,North America,UWyo2021,,Unknown lab ID
UGAMSA-28742,5680.0,30.0,TEXTILE,Plant fiber,,AMS,-117.6325835,37.78497618,1.0,,26EK3682,Bonneville Estates,USA,Nevada,North America,UWyo2021,,Unknown lab ID
UGAMSR-01597,1299.0,39.0,POTTERYRESIDUE,,-26.63,AMS,-90.61786556,43.9457304,1.0,,47MO667,Dennis,USA,Wisconsin,North America,UWyo2021,Letterly and Dybowski:52,Unknown lab ID
UGAMSR-01598,1284.0,42.0,POTTERYRESIDUE,,-26.48,AMS,-90.61786556,43.9457304,1.0,,47MO667,Dennis,USA,Wisconsin,North America,UWyo2021,Letterly and Dybowski:52,Unknown lab ID
USGSCAMS-626,960.0,50.0,CHARCOAL,,,AMS,-92.20770171,37.82475193,1.0,,23PU606,,USA,Missouri,North America,UWyo2021,Ahler and Albertson 1996,Unknown lab ID
USGSCAMS-627,1080.0,50.0,CHARCOAL,,,AMS,-92.20770171,37.82475193,1.0,,23PU606,,USA,Missouri,North America,UWyo2021,Ahler and Albertson 1996,Unknown lab ID
UTCND-10,17200.0,300.0,,,,,15.6152,41.653999999999996,1.0,,,Paglicci,Italy,,Europe,Vermeersch2019,Djindjian F. J. Kozlowski & M. Otte 1999. Le Paleolithique superieur en Europe. Armand Colin Paris. Boschin F.  Quaternary Research (2018) 90 470-482,Unknown lab ID
UTCND-11,19600.0,300.0,,,,,15.6152,41.653999999999996,1.0,,,Paglicci,Italy,,Europe,Vermeersch2019,Legoupil D. (2003). Cazadores-recolectores de Posonby (Patagonia austral) y su paleoambiente desde VI al III milenio A. C. Magallania 31 tirada especial (Documentos) 463 pp. Punta Arenas.,Unknown lab ID
WATNA-1,1720.0,60.0,charcoal; charbon de bois,,,,-83.22155621,43.09030032,1.0,,,Blue Water Bridge South,USA,,North America,CARD,Institute of Archaeology Chinese Academy of Social Sciences.1991,Unknown lab ID
WSUNA-1,1675.0,80.0,charcoal; charbon de bois,,,,-125.98577759999998,50.78902966,1.0,,,,Canada,,North America,CARD,Keddie 1984,Unknown lab ID
WSUNA-2,610.0,440.0,charcoal; charbon de bois,,,,-125.98577759999998,50.78902966,1.0,,,,Canada,,North America,CARD,Hutchinson 1992;  Powell 1979,Unknown lab ID
WSUNA-3,740.0,70.0,charcoal; charbon de bois,,,,-125.98577759999998,50.78902966,1.0,,,Fort Rodd Hill,Canada,,North America,CARD,Owens-Baird and Ferguson 1996b,Unknown lab ID
WSUNA-4,950.0,60.0,charcoal; charbon de bois,,,,-125.98577759999998,50.78902966,1.0,,,,Canada,,North America,CARD,LeCount et al. 2002: Table 3,Unknown lab ID
